name,shortName,code,risk,ForhbinfoUrl,annualReturnRate
广发恒隆一年持有期混合型证券投资基金,广发恒隆一年持有期混合C,009136,R4,https://fund.cmbchina.com/FundPages/OpenFund/OpenFundDetail.aspx?FundID=009136,0.18
广发港股通成长精选股票型证券投资基金,广发港股通成长精选股票A,009896,R5,https://fund.cmbchina.com/FundPages/OpenFund/OpenFundDetail.aspx?FundID=009896,0.65
广发估值优势混合型证券投资基金,广发估值优势C,011430,R4,https://fund.cmbchina.com/FundPages/OpenFund/OpenFundDetail.aspx?FundID=011430,0.46
广发安宏回报灵活配置混合型证券投资基金,广发安宏回报混合A,001761,R4,https://fund.cmbchina.com/FundPages/OpenFund/OpenFundDetail.aspx?FundID=001761,0.14
兴业中证同业存单AAA指数7天持有期基金,兴业中证同业存单AAA指数7天持有期,017704,R2,https://fund.cmbchina.com/FundPages/OpenFund/OpenFundDetail.aspx?FundID=017704,0.94
广发中证百度百发策略100指数型基金,广发百发100指数A,000826,R5,https://fund.cmbchina.com/FundPages/OpenFund/OpenFundDetail.aspx?FundID=000826,0.19
鹏扬中证同业存单AAA指数7天持有期基金,鹏扬中证同业存单AAA指数7天持有,016410,R2,https://fund.cmbchina.com/FundPages/OpenFund/OpenFundDetail.aspx?FundID=016410,0.27
广发聚宝混合型证券投资基金,广发聚宝C,007848,R4,https://fund.cmbchina.com/FundPages/OpenFund/OpenFundDetail.aspx?FundID=007848,0.01
广发增强债券型证券投资基金,广发增强债券A,013997,R3,https://fund.cmbchina.com/FundPages/OpenFund/OpenFundDetail.aspx?FundID=013997,0.41
广发中证500指数增强型证券投资基金,广发中证500指数增强C,009609,R5,https://fund.cmbchina.com/FundPages/OpenFund/OpenFundDetail.aspx?FundID=009609,0.49
广发创业板ETF指数基金发起式联接基金,广发创业板ETF联接A,003765,R5,https://fund.cmbchina.com/FundPages/OpenFund/OpenFundDetail.aspx?FundID=003765,0.96
长城中证同业存单AAA指数7天持有期基金,长城中证同业存单AAA指数7天持有,016625,R2,https://fund.cmbchina.com/FundPages/OpenFund/OpenFundDetail.aspx?FundID=016625,0.91
广发睿杰精选混合型发起式证券投资基金,广发睿杰精选混合发起式A1,019374,R4,https://fund.cmbchina.com/FundPages/OpenFund/OpenFundDetail.aspx?FundID=019374,0.45
银华中证同业存单AAA指数7天持有期基金,银华中证同业存单AAA指数7天持有期,015823,R2,https://fund.cmbchina.com/FundPages/OpenFund/OpenFundDetail.aspx?FundID=015823,0.26
广发景兴中短债债券型证券投资基金,广发景兴中短债C,006999,R3,https://fund.cmbchina.com/FundPages/OpenFund/OpenFundDetail.aspx?FundID=006999,0.86
广发沪深300指数增强型发起式基金,广发沪深300指数增强C类,006021,R5,https://fund.cmbchina.com/FundPages/OpenFund/OpenFundDetail.aspx?FundID=006021,0.24
广发百发大数据策略成长混合型证券投资基金,广发百发大数据成长混合A,001734,R4,https://fund.cmbchina.com/FundPages/OpenFund/OpenFundDetail.aspx?FundID=001734,0.72
汇添富中证同业存单AAA指数7天持有基金,汇添富中证同业存单AAA指数7天持有期,015875,R2,https://fund.cmbchina.com/FundPages/OpenFund/OpenFundDetail.aspx?FundID=015875,0.94
广发全球医疗保健指数证券投资基金,广发全球医疗保健指数A类QDII,000369,R5,https://fund.cmbchina.com/FundPages/OpenFund/OpenFundDetail.aspx?FundID=000369,0.61
广发中证央企创新驱动指数基金联接基金,广发央企创新驱动ETF联接C类,007785,R5,https://fund.cmbchina.com/FundPages/OpenFund/OpenFundDetail.aspx?FundID=007785,0.64
广发安润一年持有期混合型证券投资基金,广发安润一年持有期混合A,017011,R3,https://fund.cmbchina.com/FundPages/OpenFund/OpenFundDetail.aspx?FundID=017011,0.09
汇安中证同业存单AAA指数7天持有期基金,汇安同业存单7天持有期,018343,R2,https://fund.cmbchina.com/FundPages/OpenFund/OpenFundDetail.aspx?FundID=018343,0.1
广发多策略灵活配置混合型证券投资基金,广发多策略灵活配置,001763,R4,https://fund.cmbchina.com/FundPages/OpenFund/OpenFundDetail.aspx?FundID=001763,0.64
广发招财短债债券型证券投资基金,广发招财短债E,010324,R3,https://fund.cmbchina.com/FundPages/OpenFund/OpenFundDetail.aspx?FundID=010324,0.23
广发信远回报混合型证券投资基金,广发信远回报混合C,020169,R4,https://fund.cmbchina.com/FundPages/OpenFund/OpenFundDetail.aspx?FundID=020169,0.5
广发安享灵活配置混合型证券投资基金,广发安享混合A,002116,R4,https://fund.cmbchina.com/FundPages/OpenFund/OpenFundDetail.aspx?FundID=002116,0.14
广发大盘价值混合型证券投资基金,广发大盘价值混合C,012766,R4,https://fund.cmbchina.com/FundPages/OpenFund/OpenFundDetail.aspx?FundID=012766,0.6
广发招利混合型证券投资基金,广发招利混合A,015838,R4,https://fund.cmbchina.com/FundPages/OpenFund/OpenFundDetail.aspx?FundID=015838,0.77
广发稳健养老目标一年持有期混合型FOF,广发稳健养老目标一年持有期（FOF）Y,017279,R4,https://fund.cmbchina.com/FundPages/OpenFund/OpenFundDetail.aspx?FundID=017279,0.31
广发景源纯债债券型证券投资基金,广发景源纯债A,004027,R3,https://fund.cmbchina.com/FundPages/OpenFund/OpenFundDetail.aspx?FundID=004027,0.23
广发北证50成份指数型证券投资基金,广发北证50成份指数C,017513,R5,https://fund.cmbchina.com/FundPages/OpenFund/OpenFundDetail.aspx?FundID=017513,0.42
广发国证半导体芯片ETF联接基金,广发国证半导体芯片ETF联接A,012629,R5,https://fund.cmbchina.com/FundPages/OpenFund/OpenFundDetail.aspx?FundID=012629,0.76
广发创新医疗两年持有期混合型证券投资基金,广发创新医疗两年持有期混合A,010731,R4,https://fund.cmbchina.com/FundPages/OpenFund/OpenFundDetail.aspx?FundID=010731,0.02
中银中证同业存单AAA指数7天持有期基金,中银中证同业存单AAA指数7天持有期,015944,R2,https://fund.cmbchina.com/FundPages/OpenFund/OpenFundDetail.aspx?FundID=015944,0.52
华夏理财30天债券型证券投资基金,华夏理财30天B,001058,R2,https://fund.cmbchina.com/FundPages/OpenFund/OpenFundDetail.aspx?FundID=001058,0.01
广发活期宝货币市场基金,广发活期宝货币B,003281,R1,https://fund.cmbchina.com/FundPages/OpenFund/OpenFundDetail.aspx?FundID=003281,0.99
国投中证同业存单AAA指数7天持有期基金,国投中证同业存单AAA指数7天持有期,017924,R2,https://fund.cmbchina.com/FundPages/OpenFund/OpenFundDetail.aspx?FundID=017924,0.55
广发安泰稳健养老一年持有期混合型FOF,广发安泰稳健养老一年持有期(FOF)A,012106,R4,https://fund.cmbchina.com/FundPages/OpenFund/OpenFundDetail.aspx?FundID=012106,0.31
广发安泰稳健养老目标一年持有期混合型FOF,广发安泰稳健养老一年持有混合（FOF）Y,017280,R4,https://fund.cmbchina.com/FundPages/OpenFund/OpenFundDetail.aspx?FundID=017280,0.71
汇添富中证同业存单AAA指数7天持有基金,汇添富中证同业存单AAA指数7天持有期,015875,R2,https://fund.cmbchina.com/FundPages/OpenFund/OpenFundDetail.aspx?FundID=015875,0.51
广发优势成长股票型证券投资基金,广发优势成长股票A,011425,R5,https://fund.cmbchina.com/FundPages/OpenFund/OpenFundDetail.aspx?FundID=011425,0.25
广发中证同业存单AAA指数7天持有期基金,广发中证同业存单AAA指数7天持有期,015826,R2,https://fund.cmbchina.com/FundPages/OpenFund/OpenFundDetail.aspx?FundID=015826,0.86
永赢中证同业存单AAA指数7天持有期基金,永赢中证同业存单AAA指数7天持有期,016409,R2,https://fund.cmbchina.com/FundPages/OpenFund/OpenFundDetail.aspx?FundID=016409,0.52
工银瑞信同业存单AAA指数7天持有期基金,工银中证同业存单AAA指数7天持有,016082,R2,https://fund.cmbchina.com/FundPages/OpenFund/OpenFundDetail.aspx?FundID=016082,0.16
广发盛锦混合型证券投资基金,广发盛锦混合A,012526,R4,https://fund.cmbchina.com/FundPages/OpenFund/OpenFundDetail.aspx?FundID=012526,0.27
广发诚享混合型证券投资基金,广发诚享混合A,011479,R4,https://fund.cmbchina.com/FundPages/OpenFund/OpenFundDetail.aspx?FundID=011479,0.45
广发中证全指信息技术ETF发起式联接基金,广发中证全指信息技术ETF联接C,002974,R5,https://fund.cmbchina.com/FundPages/OpenFund/OpenFundDetail.aspx?FundID=002974,0.28
广发鑫裕灵活配置混合型证券投资基金,广发鑫裕混合C,009955,R4,https://fund.cmbchina.com/FundPages/OpenFund/OpenFundDetail.aspx?FundID=009955,0.33
广发纳斯达克生物科技指数型发起式基金,广发纳斯达克生物科技（QDII）C,016470,R5,https://fund.cmbchina.com/FundPages/OpenFund/OpenFundDetail.aspx?FundID=016470,0.76
广发鑫享灵活配置混合型证券投资基金,广发鑫享混合A,002132,R4,https://fund.cmbchina.com/FundPages/OpenFund/OpenFundDetail.aspx?FundID=002132,0.94
广发睿升混合型证券投资基金,广发睿升混合A,013936,R4,https://fund.cmbchina.com/FundPages/OpenFund/OpenFundDetail.aspx?FundID=013936,0.41
广发百发大数据策略精选混合型证券投资基金,广发百发大数据策略精选E,001742,R4,https://fund.cmbchina.com/FundPages/OpenFund/OpenFundDetail.aspx?FundID=001742,0.44
广发亚太中高收益债券型证券投资基金,广发亚太中高收益A类QDII,000274,R4,https://fund.cmbchina.com/FundPages/OpenFund/OpenFundDetail.aspx?FundID=000274,0.11
兴业中证同业存单AAA指数7天持有期基金,兴业中证同业存单AAA指数7天持有期,017704,R2,https://fund.cmbchina.com/FundPages/OpenFund/OpenFundDetail.aspx?FundID=017704,0.66
广发鑫睿一年持有期混合型证券投资基金,广发鑫睿一年持有期混合C,012529,R4,https://fund.cmbchina.com/FundPages/OpenFund/OpenFundDetail.aspx?FundID=012529,0.08
大成中证同业存单AAA指数7天持有期基金,大成中证同业存单AAA指数7天持有,016852,R2,https://fund.cmbchina.com/FundPages/OpenFund/OpenFundDetail.aspx?FundID=016852,0.88
华泰柏瑞同业存单AAA指数7天持有期基金,华泰柏瑞中证同业存单AAA指数7天持有,015863,R2,https://fund.cmbchina.com/FundPages/OpenFund/OpenFundDetail.aspx?FundID=015863,0.53
广发优企精选灵活配置混合型证券投资基金,广发优企精选灵活配置A,002624,R4,https://fund.cmbchina.com/FundPages/OpenFund/OpenFundDetail.aspx?FundID=002624,0.96
华泰柏瑞同业存单AAA指数7天持有期基金,华泰柏瑞中证同业存单AAA指数7天持有,015863,R2,https://fund.cmbchina.com/FundPages/OpenFund/OpenFundDetail.aspx?FundID=015863,0.66
广发养老2050五年持有期混合型FOF,广发养老目标2050五年持有期（FOF）Y,017403,R4,https://fund.cmbchina.com/FundPages/OpenFund/OpenFundDetail.aspx?FundID=017403,0.2
博时月月乐同业存单30天持有期混合型基金,博时月月乐同业存单30天持有混合,015824,R2,https://fund.cmbchina.com/FundPages/OpenFund/OpenFundDetail.aspx?FundID=015824,0.07
中加中证同业存单AAA指数7天持有期基金,中加中证同业存单AAA指数7天持有期,016083,R2,https://fund.cmbchina.com/FundPages/OpenFund/OpenFundDetail.aspx?FundID=016083,0.14
广发积极养老目标五年持有期混合发起式FOF,广发积极养老五年持有期混合发起式(FOF)Y,019746,R4,https://fund.cmbchina.com/FundPages/OpenFund/OpenFundDetail.aspx?FundID=019746,0.88
富国中证同业存单AAA指数7天持有期基金,富国同业存单AAA指数7天持有期,014427,R2,https://fund.cmbchina.com/FundPages/OpenFund/OpenFundDetail.aspx?FundID=014427,0.74
广发稳安灵活配置混合型证券投资基金,广发稳安混合C,008604,R4,https://fund.cmbchina.com/FundPages/OpenFund/OpenFundDetail.aspx?FundID=008604,0.7
广发百发大数据策略价值灵活配置混合型基金,广发百发大数据策略价值E,001732,R4,https://fund.cmbchina.com/FundPages/OpenFund/OpenFundDetail.aspx?FundID=001732,0.79
广发睿明优质企业混合型证券投资基金,广发睿明优质企业混合A,012260,R4,https://fund.cmbchina.com/FundPages/OpenFund/OpenFundDetail.aspx?FundID=012260,0.24
广发国证半导体芯片ETF联接基金,广发国证半导体芯片ETF联接C,012630,R5,https://fund.cmbchina.com/FundPages/OpenFund/OpenFundDetail.aspx?FundID=012630,0.58
广发中债1-3年农发行债券指数基金,广发中债1-3年农发债指数C,005624,R3,https://fund.cmbchina.com/FundPages/OpenFund/OpenFundDetail.aspx?FundID=005624,0.22
广发招利混合型证券投资基金,广发招利混合C,015839,R4,https://fund.cmbchina.com/FundPages/OpenFund/OpenFundDetail.aspx?FundID=015839,0.87
长盛中证同业存单AAA指数7天持有期基金,长盛中证同业存单AAA指数7天持有期,017136,R2,https://fund.cmbchina.com/FundPages/OpenFund/OpenFundDetail.aspx?FundID=017136,0.57
广发先进制造股票型发起式证券投资基金,广发先进制造股票发起式A,014191,R5,https://fund.cmbchina.com/FundPages/OpenFund/OpenFundDetail.aspx?FundID=014191,0.24
广发中证全指家用电器ETF指数联接基金,广发中证全指家用电器ETF联接C,005064,R5,https://fund.cmbchina.com/FundPages/OpenFund/OpenFundDetail.aspx?FundID=005064,0.28
广发国证2000ETF联接基金,广发国证2000ETF联接C,010432,R5,https://fund.cmbchina.com/FundPages/OpenFund/OpenFundDetail.aspx?FundID=010432,0.11
招商中证同业存单AAA指数7天持有期基金,招商中证同业存单AAA指数7天持有期,015643,R2,https://fund.cmbchina.com/FundPages/OpenFund/OpenFundDetail.aspx?FundID=015643,0.7
广发集瑞债券型证券投资基金,广发集瑞债券C,003038,R3,https://fund.cmbchina.com/FundPages/OpenFund/OpenFundDetail.aspx?FundID=003038,0.59
广发沪港深行业龙头混合型证券投资基金,广发沪港深行业龙头,005644,R4,https://fund.cmbchina.com/FundPages/OpenFund/OpenFundDetail.aspx?FundID=005644,0.88
广发双债添利债券型证券投资基金,广发双债添利A,270044,R3,https://fund.cmbchina.com/FundPages/OpenFund/OpenFundDetail.aspx?FundID=270044,0.33
广发资源优选股票型发起式证券投资基金,广发资源优选股票A,005402,R5,https://fund.cmbchina.com/FundPages/OpenFund/OpenFundDetail.aspx?FundID=005402,0.09
广发价值核心混合型证券投资基金,广发价值核心混合C,010378,R4,https://fund.cmbchina.com/FundPages/OpenFund/OpenFundDetail.aspx?FundID=010378,0.03
广发招泰混合型证券投资基金,广发招泰混合A,008420,R4,https://fund.cmbchina.com/FundPages/OpenFund/OpenFundDetail.aspx?FundID=008420,0.01
汇安中证同业存单AAA指数7天持有期基金,汇安同业存单7天持有期,018343,R2,https://fund.cmbchina.com/FundPages/OpenFund/OpenFundDetail.aspx?FundID=018343,0.22
广发中证半导体材料设备主题ETF联接基金,广发中证半导体材料设备ETF发起式联接A,020639,R5,https://fund.cmbchina.com/FundPages/OpenFund/OpenFundDetail.aspx?FundID=020639,0.21
广发品牌消费股票型发起式证券投资基金,广发品牌消费股票A,004995,R5,https://fund.cmbchina.com/FundPages/OpenFund/OpenFundDetail.aspx?FundID=004995,0.73
广发聚盛灵活配置混合型证券投资基金,广发聚盛混合A,002025,R4,https://fund.cmbchina.com/FundPages/OpenFund/OpenFundDetail.aspx?FundID=002025,0.04
广发制造业精选混合型证券投资基金,广发制造业精选混合A类,270028,R4,https://fund.cmbchina.com/FundPages/OpenFund/OpenFundDetail.aspx?FundID=270028,0.09
博道中证同业存单AAA指数7天持有期基金,博道中证同业存单AAA指数7天持有期,019037,R2,https://fund.cmbchina.com/FundPages/OpenFund/OpenFundDetail.aspx?FundID=019037,1.0
广发中证1000ETF指数证券基金联接基金,广发中证1000ETF指数A,006486,R5,https://fund.cmbchina.com/FundPages/OpenFund/OpenFundDetail.aspx?FundID=006486,0.97
广发中证光伏产业指数型发起式证券投资基金,广发中证光伏产业指数A,012364,R5,https://fund.cmbchina.com/FundPages/OpenFund/OpenFundDetail.aspx?FundID=012364,0.73
广发聚源债券型证券投资基金,广发聚源C类LOF,162716,R3,https://fund.cmbchina.com/FundPages/OpenFund/OpenFundDetail.aspx?FundID=162716,0.67
广发睿合混合型证券投资基金,广发睿合混合A,014734,R4,https://fund.cmbchina.com/FundPages/OpenFund/OpenFundDetail.aspx?FundID=014734,0.05
广发中证创新药产业ETF发起式联接基金,广发创新药ETF联接A,012737,R5,https://fund.cmbchina.com/FundPages/OpenFund/OpenFundDetail.aspx?FundID=012737,0.31
广发纳指100ETF联接人民币（QDII）,广发纳斯达克100ETF联接(QDII)C,006479,R5,https://fund.cmbchina.com/FundPages/OpenFund/OpenFundDetail.aspx?FundID=006479,0.39
广发中证全指汽车指数型发起式证券投资基金,广发中证全指汽车指数A,004854,R5,https://fund.cmbchina.com/FundPages/OpenFund/OpenFundDetail.aspx?FundID=004854,0.82
广发上证科创板50ETF发起式联接基金,广发科创50ETF发起式联接A,013810,R5,https://fund.cmbchina.com/FundPages/OpenFund/OpenFundDetail.aspx?FundID=013810,0.95
广发均衡价值混合型证券投资基金,广发均衡价值混合A,007254,R4,https://fund.cmbchina.com/FundPages/OpenFund/OpenFundDetail.aspx?FundID=007254,0.58
广发新经济混合型发起式证券投资基金,广发新经济混合C类,010134,R4,https://fund.cmbchina.com/FundPages/OpenFund/OpenFundDetail.aspx?FundID=010134,0.13
广发消费品精选混合型证券投资基金,广发消费品精选混合A,270041,R4,https://fund.cmbchina.com/FundPages/OpenFund/OpenFundDetail.aspx?FundID=270041,0.28
广发招泰混合型证券投资基金,广发招泰混合C,008421,R4,https://fund.cmbchina.com/FundPages/OpenFund/OpenFundDetail.aspx?FundID=008421,0.09
广发集丰债券型证券投资基金,广发集丰债券A,002711,R3,https://fund.cmbchina.com/FundPages/OpenFund/OpenFundDetail.aspx?FundID=002711,1.0
广发趋势动力灵活配置混合型证券投资基金,广发趋势动力混合C,018289,R4,https://fund.cmbchina.com/FundPages/OpenFund/OpenFundDetail.aspx?FundID=018289,0.52
广发添财90天滚动持有债券型证券投资基金,广发添财90天滚动持有债券A,012941,R3,https://fund.cmbchina.com/FundPages/OpenFund/OpenFundDetail.aspx?FundID=012941,0.88
广发上清所0-4年央企80债券指数基金,广发央企80债券指数C,008483,R3,https://fund.cmbchina.com/FundPages/OpenFund/OpenFundDetail.aspx?FundID=008483,0.25
广发中证全指汽车指数型发起式证券投资基金,广发中证全指汽车指数C,004855,R5,https://fund.cmbchina.com/FundPages/OpenFund/OpenFundDetail.aspx?FundID=004855,0.88
广发价值回报混合型证券投资基金,广发价值回报A,004852,R4,https://fund.cmbchina.com/FundPages/OpenFund/OpenFundDetail.aspx?FundID=004852,0.63
广发创新升级灵活配置混合型证券投资基金,广发创新升级灵活配置,002939,R4,https://fund.cmbchina.com/FundPages/OpenFund/OpenFundDetail.aspx?FundID=002939,0.8
广发价值回报混合型证券投资基金,广发价值回报C,004853,R4,https://fund.cmbchina.com/FundPages/OpenFund/OpenFundDetail.aspx?FundID=004853,0.68
创金合信同业存单AAA指数7天持有期基金,创金合信同业存单AAA指数7天持有期,015960,R2,https://fund.cmbchina.com/FundPages/OpenFund/OpenFundDetail.aspx?FundID=015960,0.88
景顺长城同业存单AAA指数7天持有期基金,景顺长城中证同业存单AAA指数7天持有,015862,R2,https://fund.cmbchina.com/FundPages/OpenFund/OpenFundDetail.aspx?FundID=015862,0.0
华宝中证同业存单AAA指数7天持有期基金,华宝中证同业存单AAA指数7天持有期,015864,R2,https://fund.cmbchina.com/FundPages/OpenFund/OpenFundDetail.aspx?FundID=015864,0.76
国寿安保同业存单AAA指数7天持有期基金,国寿安保同业存单AAA指数7天持有期,019121,R2,https://fund.cmbchina.com/FundPages/OpenFund/OpenFundDetail.aspx?FundID=019121,0.22
广发招阳两年持有期混合型基金中基金(FOF),广发招阳两年持有混合(FOF)C,016992,R4,https://fund.cmbchina.com/FundPages/OpenFund/OpenFundDetail.aspx?FundID=016992,0.55
广发均衡回报混合型证券投资基金,广发均衡回报混合C,011976,R4,https://fund.cmbchina.com/FundPages/OpenFund/OpenFundDetail.aspx?FundID=011976,0.58
广发港股通优质增长混合型证券投资基金,广发港股通优质增长混合A,006595,R4,https://fund.cmbchina.com/FundPages/OpenFund/OpenFundDetail.aspx?FundID=006595,0.5
广发中证养老产业指数型发起式证券投资基金,广发中证养老产业指数C,002982,R5,https://fund.cmbchina.com/FundPages/OpenFund/OpenFundDetail.aspx?FundID=002982,0.68
广发货币市场基金,广发货币A,270004,R1,https://fund.cmbchina.com/FundPages/OpenFund/OpenFundDetail.aspx?FundID=270004,0.23
广发中证国新央企股东回报ETF联接基金,广发国新央企股东回报ETF发起式联接A,019428,R5,https://fund.cmbchina.com/FundPages/OpenFund/OpenFundDetail.aspx?FundID=019428,0.55
广发策略优选混合型证券投资基金,广发策略优选前端,270006,R5,https://fund.cmbchina.com/FundPages/OpenFund/OpenFundDetail.aspx?FundID=270006,0.21
广发沪港深精选混合型证券投资基金,广发沪港深精选混合C,012183,R4,https://fund.cmbchina.com/FundPages/OpenFund/OpenFundDetail.aspx?FundID=012183,0.63
华宝中证同业存单AAA指数7天持有期基金,华宝中证同业存单AAA指数7天持有期,015864,R2,https://fund.cmbchina.com/FundPages/OpenFund/OpenFundDetail.aspx?FundID=015864,0.41
广发北交所精选两年定期开放混合型基金,广发北交所精选两年定开混合A,014273,R4,https://fund.cmbchina.com/FundPages/OpenFund/OpenFundDetail.aspx?FundID=014273,0.82
广发新兴产业精选灵活配置混合型基金,广发新兴产业精选混合C,010433,R4,https://fund.cmbchina.com/FundPages/OpenFund/OpenFundDetail.aspx?FundID=010433,0.57
广发科技动力股票型证券投资基金,广发科技动力,005777,R5,https://fund.cmbchina.com/FundPages/OpenFund/OpenFundDetail.aspx?FundID=005777,0.55
鹏华中证同业存单AAA指数7天持有期基金,鹏华中证同业存单AAA指数7天持有期,014437,R2,https://fund.cmbchina.com/FundPages/OpenFund/OpenFundDetail.aspx?FundID=014437,0.25
广发双擎升级混合型证券投资基金,广发双擎升级混合C,009314,R4,https://fund.cmbchina.com/FundPages/OpenFund/OpenFundDetail.aspx?FundID=009314,0.41
工银瑞信同业存单AAA指数7天持有期基金,工银中证同业存单AAA指数7天持有,016082,R2,https://fund.cmbchina.com/FundPages/OpenFund/OpenFundDetail.aspx?FundID=016082,0.22
永赢中证同业存单AAA指数7天持有期基金,永赢中证同业存单AAA指数7天持有期,016409,R2,https://fund.cmbchina.com/FundPages/OpenFund/OpenFundDetail.aspx?FundID=016409,0.54
宝盈中证同业存单AAA指数7天持有期基金,宝盈中证同业存单AAA指数7天持有,018165,R2,https://fund.cmbchina.com/FundPages/OpenFund/OpenFundDetail.aspx?FundID=018165,0.85
广发恒祥债券型证券投资基金,广发恒祥债券A,014738,R3,https://fund.cmbchina.com/FundPages/OpenFund/OpenFundDetail.aspx?FundID=014738,0.15
广发睿鑫混合型证券投资基金,广发睿鑫混合A,010457,R4,https://fund.cmbchina.com/FundPages/OpenFund/OpenFundDetail.aspx?FundID=010457,0.59
广发天天利货币市场基金,广发天天利A,000475,R1,https://fund.cmbchina.com/FundPages/OpenFund/OpenFundDetail.aspx?FundID=000475,0.6
广发集源债券型证券投资基金,广发集源债券A,002925,R3,https://fund.cmbchina.com/FundPages/OpenFund/OpenFundDetail.aspx?FundID=002925,0.64
广发添财180天滚动持有债券型基金,广发添财180天滚动持有债券A,012591,R3,https://fund.cmbchina.com/FundPages/OpenFund/OpenFundDetail.aspx?FundID=012591,0.67
广发安泽短债债券型证券投资基金A类,广发安泽短债A,002864,R3,https://fund.cmbchina.com/FundPages/OpenFund/OpenFundDetail.aspx?FundID=002864,0.67
广发中证沪港深科技龙头ETF联接基金,广发中证沪港深科技龙头ETF联接C,013163,R5,https://fund.cmbchina.com/FundPages/OpenFund/OpenFundDetail.aspx?FundID=013163,0.17
广发睿恒进取一年持有期混合型证券投资基金,广发睿恒进取一年持有期混合C,013608,R4,https://fund.cmbchina.com/FundPages/OpenFund/OpenFundDetail.aspx?FundID=013608,0.5
广发医疗保健股票型证券投资基金,广发医疗保健股票C,009163,R5,https://fund.cmbchina.com/FundPages/OpenFund/OpenFundDetail.aspx?FundID=009163,0.86
广发聚财信用债券型证券投资基金,广发聚财信用A,270029,R3,https://fund.cmbchina.com/FundPages/OpenFund/OpenFundDetail.aspx?FundID=270029,0.31
国投中证同业存单AAA指数7天持有期基金,国投中证同业存单AAA指数7天持有期,017924,R2,https://fund.cmbchina.com/FundPages/OpenFund/OpenFundDetail.aspx?FundID=017924,0.98
广发中证1000ETF指数证券基金联接基金,广发中证1000ETF指数C,006487,R5,https://fund.cmbchina.com/FundPages/OpenFund/OpenFundDetail.aspx?FundID=006487,0.56
广发内需增长灵活配置混合型证券投资基金,广发内需增长混合C,011183,R4,https://fund.cmbchina.com/FundPages/OpenFund/OpenFundDetail.aspx?FundID=011183,0.79
广发上证科创板成长ETF发起式联接基金,广发上证科创板成长ETF发起式联接C,019786,R5,https://fund.cmbchina.com/FundPages/OpenFund/OpenFundDetail.aspx?FundID=019786,0.33
广发资管智荟广易六个月持有期混合型FOF,广发资管智荟广易六个月持有期C,872030,R4,https://fund.cmbchina.com/FundPages/OpenFund/OpenFundDetail.aspx?FundID=872030,0.17
广发睿铭两年持有期混合型证券投资基金,广发睿铭两年持有期混合A,011194,R4,https://fund.cmbchina.com/FundPages/OpenFund/OpenFundDetail.aspx?FundID=011194,0.33
广发优企精选灵活配置混合型证券投资基金,广发优企精选灵活配置C,010021,R4,https://fund.cmbchina.com/FundPages/OpenFund/OpenFundDetail.aspx?FundID=010021,0.53
广发新兴成长灵活配置混合型证券投资基金,广发新兴成长灵活配置A,002125,R4,https://fund.cmbchina.com/FundPages/OpenFund/OpenFundDetail.aspx?FundID=002125,0.17
广发集汇债券型证券投资基金,广发集汇债券C,016425,R3,https://fund.cmbchina.com/FundPages/OpenFund/OpenFundDetail.aspx?FundID=016425,0.6
广发中证光伏产业指数型发起式证券投资基金,广发中证光伏产业指数C,012365,R5,https://fund.cmbchina.com/FundPages/OpenFund/OpenFundDetail.aspx?FundID=012365,0.51
广发集裕债券型证券投资基金,广发集裕债券A,002636,R3,https://fund.cmbchina.com/FundPages/OpenFund/OpenFundDetail.aspx?FundID=002636,0.67
长信中证同业存单AAA指数7天持有期基金,长信中证同业存单AAA指数7天持有,018809,R2,https://fund.cmbchina.com/FundPages/OpenFund/OpenFundDetail.aspx?FundID=018809,0.53
广发睿盛混合型证券投资基金,广发睿盛混合A,012033,R4,https://fund.cmbchina.com/FundPages/OpenFund/OpenFundDetail.aspx?FundID=012033,0.02
广发活期宝货币市场基金,广发活期宝货币C,018090,R1,https://fund.cmbchina.com/FundPages/OpenFund/OpenFundDetail.aspx?FundID=018090,0.63
广发招享混合型证券投资基金,广发招享混合A,009121,R4,https://fund.cmbchina.com/FundPages/OpenFund/OpenFundDetail.aspx?FundID=009121,0.54
易方达中证同业存单AAA指数7天持有基金,易方达中证同业存单AAA指数7天持有,015822,R2,https://fund.cmbchina.com/FundPages/OpenFund/OpenFundDetail.aspx?FundID=015822,0.83
广发创业板ETF指数基金发起式联接基金,广发创业板ETF联接C,003766,R5,https://fund.cmbchina.com/FundPages/OpenFund/OpenFundDetail.aspx?FundID=003766,0.69
广发活期宝货币市场基金,广发活期宝货币A,000748,R1,https://fund.cmbchina.com/FundPages/OpenFund/OpenFundDetail.aspx?FundID=000748,0.26
广发沪港深精选混合型证券投资基金,广发沪港深精选混合A,012182,R4,https://fund.cmbchina.com/FundPages/OpenFund/OpenFundDetail.aspx?FundID=012182,0.48
广发恒悦债券型证券投资基金,广发恒悦债券E,010451,R3,https://fund.cmbchina.com/FundPages/OpenFund/OpenFundDetail.aspx?FundID=010451,0.43
广发景宁纯债债券型证券投资基金,广发景宁纯债A,000037,R3,https://fund.cmbchina.com/FundPages/OpenFund/OpenFundDetail.aspx?FundID=000037,0.96
广发中证沪港深科技龙头ETF联接基金,广发中证沪港深科技龙头ETF联接A,013162,R5,https://fund.cmbchina.com/FundPages/OpenFund/OpenFundDetail.aspx?FundID=013162,0.04
广发中证百度百发策略100指数型基金,广发百发100指数E,000827,R5,https://fund.cmbchina.com/FundPages/OpenFund/OpenFundDetail.aspx?FundID=000827,0.08
广发双债添利债券型证券投资基金,广发双债添利C,270045,R3,https://fund.cmbchina.com/FundPages/OpenFund/OpenFundDetail.aspx?FundID=270045,0.83
招商中证同业存单AAA指数7天持有期基金,招商中证同业存单AAA指数7天持有期,015643,R2,https://fund.cmbchina.com/FundPages/OpenFund/OpenFundDetail.aspx?FundID=015643,0.47
广发资管智荟广易六个月持有期混合型FOF,广发资管智荟广易六个月持有期A,870004,R4,https://fund.cmbchina.com/FundPages/OpenFund/OpenFundDetail.aspx?FundID=870004,0.24
广发睿恒进取一年持有期混合型证券投资基金,广发睿恒进取一年持有期混合A,013607,R4,https://fund.cmbchina.com/FundPages/OpenFund/OpenFundDetail.aspx?FundID=013607,0.89
博时月月乐同业存单30天持有期混合型基金,博时月月乐同业存单30天持有混合,015824,R2,https://fund.cmbchina.com/FundPages/OpenFund/OpenFundDetail.aspx?FundID=015824,0.43
南方中证同业存单AAA指数7天持有期基金,南方中证同业存单AAA指数7天持有,014430,R2,https://fund.cmbchina.com/FundPages/OpenFund/OpenFundDetail.aspx?FundID=014430,0.33
广发价值核心混合型证券投资基金,广发价值核心混合A,010377,R4,https://fund.cmbchina.com/FundPages/OpenFund/OpenFundDetail.aspx?FundID=010377,0.63
广发景丰纯债债券型证券投资基金,广发景丰纯债A,003223,R3,https://fund.cmbchina.com/FundPages/OpenFund/OpenFundDetail.aspx?FundID=003223,0.05
广发沪港深价值成长混合型证券投资基金,广发沪港深价值成长混合C,011638,R4,https://fund.cmbchina.com/FundPages/OpenFund/OpenFundDetail.aspx?FundID=011638,0.87
广发新兴产业精选灵活配置混合型基金,广发新兴产业精选混合A,002124,R4,https://fund.cmbchina.com/FundPages/OpenFund/OpenFundDetail.aspx?FundID=002124,0.08
广发行业领先混合型证券投资基金,广发行业领先,270025,R5,https://fund.cmbchina.com/FundPages/OpenFund/OpenFundDetail.aspx?FundID=270025,0.18
广发景源纯债债券型证券投资基金,广发景源纯债C,004028,R3,https://fund.cmbchina.com/FundPages/OpenFund/OpenFundDetail.aspx?FundID=004028,0.08
广发中证基建工程交易型开放式指数联接基金,广发中证基建工程ETF联接C,005224,R5,https://fund.cmbchina.com/FundPages/OpenFund/OpenFundDetail.aspx?FundID=005224,0.22
广发纳斯达克100指数联接基金（QDII）,广发纳斯达克100ETF联接美元(QDII)C,006480,R5,https://fund.cmbchina.com/FundPages/OpenFund/OpenFundDetail.aspx?FundID=006480,0.53
广发集瑞债券型证券投资基金,广发集瑞债券A,003037,R3,https://fund.cmbchina.com/FundPages/OpenFund/OpenFundDetail.aspx?FundID=003037,0.39
广发添财60天持有期债券型证券投资基金,广发添财60天持有债券C,016629,R3,https://fund.cmbchina.com/FundPages/OpenFund/OpenFundDetail.aspx?FundID=016629,0.15
广发趋势优选灵活配置混合型证券投资基金,广发趋势优选灵活配置C,008127,R4,https://fund.cmbchina.com/FundPages/OpenFund/OpenFundDetail.aspx?FundID=008127,0.61
广发货币市场基金,广发货币B,270014,R1,https://fund.cmbchina.com/FundPages/OpenFund/OpenFundDetail.aspx?FundID=270014,0.53
广发中证半导体材料设备主题ETF联接基金,广发中证半导体材料设备ETF发起式联接C,020640,R5,https://fund.cmbchina.com/FundPages/OpenFund/OpenFundDetail.aspx?FundID=020640,0.91
广发恒誉混合型证券投资基金,广发恒誉混合A,009956,R4,https://fund.cmbchina.com/FundPages/OpenFund/OpenFundDetail.aspx?FundID=009956,0.55
广发行业严选三年持有期混合型证券投资基金,广发行业严选三年持有期混合C,012968,R4,https://fund.cmbchina.com/FundPages/OpenFund/OpenFundDetail.aspx?FundID=012968,0.88
广发集悦债券型证券投资基金,广发集悦债券A,013628,R3,https://fund.cmbchina.com/FundPages/OpenFund/OpenFundDetail.aspx?FundID=013628,0.26
广发睿杰精选混合型发起式证券投资基金,广发睿杰精选混合发起式A3,019376,R4,https://fund.cmbchina.com/FundPages/OpenFund/OpenFundDetail.aspx?FundID=019376,0.33
中泰中证同业存单AAA指数7天持有期基金,中泰中证同业存单AAA指数7天持有,018678,R2,https://fund.cmbchina.com/FundPages/OpenFund/OpenFundDetail.aspx?FundID=018678,0.08
广发东财大数据灵活配置混合型证券投资基金,广发东财大数据灵活配置A,002802,R4,https://fund.cmbchina.com/FundPages/OpenFund/OpenFundDetail.aspx?FundID=002802,0.01
广发稳安灵活配置混合型证券投资基金,广发稳安混合A,002295,R4,https://fund.cmbchina.com/FundPages/OpenFund/OpenFundDetail.aspx?FundID=002295,0.98
广发均衡优选混合型证券投资基金,广发均衡优选混合C,010380,R4,https://fund.cmbchina.com/FundPages/OpenFund/OpenFundDetail.aspx?FundID=010380,0.06
广发中证全指信息交易型开放式指数联接基金,广发中证全指信息技术ETF联接A,000942,R5,https://fund.cmbchina.com/FundPages/OpenFund/OpenFundDetail.aspx?FundID=000942,0.18
广发中证100交易型开放式指数基金,广发中证100ETF联接A类,007135,R5,https://fund.cmbchina.com/FundPages/OpenFund/OpenFundDetail.aspx?FundID=007135,0.91
中信建投同业存单AAA指数7天持有期基金,中信建投中证同业存单AAA指数7天持有,017183,R2,https://fund.cmbchina.com/FundPages/OpenFund/OpenFundDetail.aspx?FundID=017183,0.1
鹏扬中证同业存单AAA指数7天持有期基金,鹏扬中证同业存单AAA指数7天持有,016410,R2,https://fund.cmbchina.com/FundPages/OpenFund/OpenFundDetail.aspx?FundID=016410,0.41
广发优质生活混合型证券投资基金,广发优质生活混合A,008273,R4,https://fund.cmbchina.com/FundPages/OpenFund/OpenFundDetail.aspx?FundID=008273,0.7
广发对冲套利定期开放混合型发起式证券基金,广发对冲套利定期开放,000992,R3,https://fund.cmbchina.com/FundPages/OpenFund/OpenFundDetail.aspx?FundID=000992,0.91
广发增强债券型证券投资基金,广发增强债券C,270009,R3,https://fund.cmbchina.com/FundPages/OpenFund/OpenFundDetail.aspx?FundID=270009,0.27
华夏理财30天债券型证券投资基金,华夏理财30天A,001057,R2,https://fund.cmbchina.com/FundPages/OpenFund/OpenFundDetail.aspx?FundID=001057,0.85
广发中证医疗ETF联接基金（LOF）,广发中证医疗ETF联接（LOF）A,502056,R5,https://fund.cmbchina.com/FundPages/OpenFund/OpenFundDetail.aspx?FundID=502056,0.77
广发安诚养老2040三年持有混合发起式FOF,广发安诚养老2040三年持有混合(FOF)Y,019745,R4,https://fund.cmbchina.com/FundPages/OpenFund/OpenFundDetail.aspx?FundID=019745,0.24
广发睿阳三年定期开放混合型证券投资基金,广发睿阳三年定期开放混合,501070,R4,https://fund.cmbchina.com/FundPages/OpenFund/OpenFundDetail.aspx?FundID=501070,0.37
创金合信同业存单AAA指数7天持有期基金,创金合信同业存单AAA指数7天持有期,015960,R2,https://fund.cmbchina.com/FundPages/OpenFund/OpenFundDetail.aspx?FundID=015960,0.5
广发中证500ETF证券投资基金联接基金LOF,广发中证500ETF联接C,002903,R5,https://fund.cmbchina.com/FundPages/OpenFund/OpenFundDetail.aspx?FundID=002903,0.43
广发富信优选六个月持有期混合型FOF,广发富信优选六个月持有混合（FOF）A,016989,R4,https://fund.cmbchina.com/FundPages/OpenFund/OpenFundDetail.aspx?FundID=016989,0.97
广发安泽短债债券型证券投资基金C类,广发安泽短债C,002865,R3,https://fund.cmbchina.com/FundPages/OpenFund/OpenFundDetail.aspx?FundID=002865,0.12
安信中证同业存单AAA指数7天持有期基金,安信中证同业存单AAA指数7天持有,018355,R2,https://fund.cmbchina.com/FundPages/OpenFund/OpenFundDetail.aspx?FundID=018355,0.29
广发景明中短债债券型证券投资基金,广发景明中短债E类,009532,R3,https://fund.cmbchina.com/FundPages/OpenFund/OpenFundDetail.aspx?FundID=009532,0.83
广发中小盘精选混合型证券投资基金,广发中小盘精选混合A,005598,R4,https://fund.cmbchina.com/FundPages/OpenFund/OpenFundDetail.aspx?FundID=005598,0.18
广发鑫和灵活配置混合型证券投资基金,广发鑫和混合C,004751,R4,https://fund.cmbchina.com/FundPages/OpenFund/OpenFundDetail.aspx?FundID=004751,0.7
广发全球精选股票型证券投资基金,广发全球精选人民币QDII,270023,R5,https://fund.cmbchina.com/FundPages/OpenFund/OpenFundDetail.aspx?FundID=270023,0.16
广发集裕债券型证券投资基金,广发集裕债券C,002637,R3,https://fund.cmbchina.com/FundPages/OpenFund/OpenFundDetail.aspx?FundID=002637,0.55
广发睿铭两年持有期混合型证券投资基金,广发睿铭两年持有期混合C,011195,R4,https://fund.cmbchina.com/FundPages/OpenFund/OpenFundDetail.aspx?FundID=011195,0.77
广发鑫裕灵活配置混合型证券投资基金,广发鑫裕混合A,002134,R4,https://fund.cmbchina.com/FundPages/OpenFund/OpenFundDetail.aspx?FundID=002134,0.58
广发景兴中短债债券型证券投资基金,广发景兴中短债A,006998,R3,https://fund.cmbchina.com/FundPages/OpenFund/OpenFundDetail.aspx?FundID=006998,0.15
广发集汇债券型证券投资基金,广发集汇债券A,016424,R3,https://fund.cmbchina.com/FundPages/OpenFund/OpenFundDetail.aspx?FundID=016424,0.94
广发中证上海环交所碳中和ETF发起式联接,广发上海环交所碳中和ETF发起式联接C,016898,R5,https://fund.cmbchina.com/FundPages/OpenFund/OpenFundDetail.aspx?FundID=016898,0.86
广发中证全指金融地产联接基金,广发中证全指金融地产ETF联接A,001469,R5,https://fund.cmbchina.com/FundPages/OpenFund/OpenFundDetail.aspx?FundID=001469,0.55
广发消费领先混合型证券投资基金,广发消费领先混合C,012691,R4,https://fund.cmbchina.com/FundPages/OpenFund/OpenFundDetail.aspx?FundID=012691,0.19
广发沪港深医药混合型证券投资基金,广发沪港深医药混合C,014115,R4,https://fund.cmbchina.com/FundPages/OpenFund/OpenFundDetail.aspx?FundID=014115,0.37
广发稳健回报混合型证券投资基金,广发稳健回报混合A类,009951,R4,https://fund.cmbchina.com/FundPages/OpenFund/OpenFundDetail.aspx?FundID=009951,0.15
广发添利交易型货币市场基金,广发添利货币B,005107,R1,https://fund.cmbchina.com/FundPages/OpenFund/OpenFundDetail.aspx?FundID=005107,0.32
广发添财60天持有期债券型证券投资基金,广发添财60天持有债券A,016628,R3,https://fund.cmbchina.com/FundPages/OpenFund/OpenFundDetail.aspx?FundID=016628,0.22
华夏理财30天债券型证券投资基金,华夏理财30天A,001057,R2,https://fund.cmbchina.com/FundPages/OpenFund/OpenFundDetail.aspx?FundID=001057,0.36
广发品牌消费股票型发起式证券投资基金,广发品牌消费股票C,010245,R5,https://fund.cmbchina.com/FundPages/OpenFund/OpenFundDetail.aspx?FundID=010245,0.8
广发招享混合型证券投资基金,广发招享混合C,013880,R4,https://fund.cmbchina.com/FundPages/OpenFund/OpenFundDetail.aspx?FundID=013880,0.58
博道中证同业存单AAA指数7天持有期基金,博道中证同业存单AAA指数7天持有期,019037,R2,https://fund.cmbchina.com/FundPages/OpenFund/OpenFundDetail.aspx?FundID=019037,0.04
广发利鑫灵活配置混合型证券投资基金,广发利鑫灵活配置C,011172,R4,https://fund.cmbchina.com/FundPages/OpenFund/OpenFundDetail.aspx?FundID=011172,0.91
广发恒祥债券型证券投资基金,广发恒祥债券C,014739,R3,https://fund.cmbchina.com/FundPages/OpenFund/OpenFundDetail.aspx?FundID=014739,1.0
广发稳健增长开放式证券投资基金,广发稳健增长后端,270012,R4,https://fund.cmbchina.com/FundPages/OpenFund/OpenFundDetail.aspx?FundID=270012,0.99
广发双债添利债券型证券投资基金,广发双债添利债券E,009267,R3,https://fund.cmbchina.com/FundPages/OpenFund/OpenFundDetail.aspx?FundID=009267,0.73
国联安中证同业存单AAA指数7天持有基金,国联安中证同业存单AAA指数7天持有期,015956,R2,https://fund.cmbchina.com/FundPages/OpenFund/OpenFundDetail.aspx?FundID=015956,0.04
广发均衡优选混合型证券投资基金,广发均衡优选混合A,010379,R4,https://fund.cmbchina.com/FundPages/OpenFund/OpenFundDetail.aspx?FundID=010379,0.24
广发成长动力三年持有期混合型证券投资基金,广发成长动力三年持有期混合A,014725,R4,https://fund.cmbchina.com/FundPages/OpenFund/OpenFundDetail.aspx?FundID=014725,0.13
广发国证2000交易型指数联接基金,广发国证2000ETF联接A,270026,R5,https://fund.cmbchina.com/FundPages/OpenFund/OpenFundDetail.aspx?FundID=270026,0.69
广发纯债债券型证券投资基金,广发纯债C,270049,R3,https://fund.cmbchina.com/FundPages/OpenFund/OpenFundDetail.aspx?FundID=270049,0.74
广发中证同业存单AAA指数7天持有期基金,广发中证同业存单AAA指数7天持有期,015826,R2,https://fund.cmbchina.com/FundPages/OpenFund/OpenFundDetail.aspx?FundID=015826,0.77
广发中债1-3年国开行债券指数基金,广发中债1-3年国开债指数C,006485,R3,https://fund.cmbchina.com/FundPages/OpenFund/OpenFundDetail.aspx?FundID=006485,0.77
中欧中证同业存单AAA指数7天持有期基金,中欧中证同业存单AAA指数7天持有,015827,R2,https://fund.cmbchina.com/FundPages/OpenFund/OpenFundDetail.aspx?FundID=015827,0.66
广发成长精选混合型证券投资基金,广发成长精选混合C,010596,R4,https://fund.cmbchina.com/FundPages/OpenFund/OpenFundDetail.aspx?FundID=010596,0.4
南方中证同业存单AAA指数7天持有期基金,南方中证同业存单AAA指数7天持有,014430,R2,https://fund.cmbchina.com/FundPages/OpenFund/OpenFundDetail.aspx?FundID=014430,0.45
银华中证同业存单AAA指数7天持有期基金,银华中证同业存单AAA指数7天持有期,015823,R2,https://fund.cmbchina.com/FundPages/OpenFund/OpenFundDetail.aspx?FundID=015823,0.06
广发双擎升级混合型证券投资基金,广发双擎升级混合A,005911,R4,https://fund.cmbchina.com/FundPages/OpenFund/OpenFundDetail.aspx?FundID=005911,0.95
广发上证科创板成长ETF发起式联接基金,广发上证科创板成长ETF发起式联接A,019785,R5,https://fund.cmbchina.com/FundPages/OpenFund/OpenFundDetail.aspx?FundID=019785,0.42
广发积极养老目标五年持有期混合发起式FOF,广发积极养老五年持有期混合发起式(FOF)A,017676,R4,https://fund.cmbchina.com/FundPages/OpenFund/OpenFundDetail.aspx?FundID=017676,0.54
安信中证同业存单AAA指数7天持有期基金,安信中证同业存单AAA指数7天持有,018355,R2,https://fund.cmbchina.com/FundPages/OpenFund/OpenFundDetail.aspx?FundID=018355,0.34
广发睿合混合型证券投资基金,广发睿合混合C,014735,R4,https://fund.cmbchina.com/FundPages/OpenFund/OpenFundDetail.aspx?FundID=014735,0.93
广发深证100指数证券投资基金(LOF),广发深证100指数(LOF)A,162714,R5,https://fund.cmbchina.com/FundPages/OpenFund/OpenFundDetail.aspx?FundID=162714,0.36
广发中证医疗ETF联接基金（LOF）,广发中证医疗ETF联接C,009881,R5,https://fund.cmbchina.com/FundPages/OpenFund/OpenFundDetail.aspx?FundID=009881,0.06
广发恒阳一年持有期混合型证券投资基金,广发恒阳一年持有期混合A,013184,R4,https://fund.cmbchina.com/FundPages/OpenFund/OpenFundDetail.aspx?FundID=013184,0.72
广发养老目标日期2040三年持有期FOF,广发养老目标2040三年持有(FOF)A,008609,R4,https://fund.cmbchina.com/FundPages/OpenFund/OpenFundDetail.aspx?FundID=008609,0.22
广发价值优势混合型证券投资基金,广发价值优势,008297,R4,https://fund.cmbchina.com/FundPages/OpenFund/OpenFundDetail.aspx?FundID=008297,0.35
广发睿享稳健增利混合型证券投资基金,广发睿享稳健增利A,007251,R4,https://fund.cmbchina.com/FundPages/OpenFund/OpenFundDetail.aspx?FundID=007251,0.31
广发稳健回报混合型证券投资基金,广发稳健回报混合C类,009952,R4,https://fund.cmbchina.com/FundPages/OpenFund/OpenFundDetail.aspx?FundID=009952,0.51
广发趋势优选灵活配置混合型证券投资基金,广发趋势优选灵活配置A,000215,R4,https://fund.cmbchina.com/FundPages/OpenFund/OpenFundDetail.aspx?FundID=000215,0.52
广发成长动力三年持有期混合型证券投资基金,广发成长动力三年持有期混合C,014726,R4,https://fund.cmbchina.com/FundPages/OpenFund/OpenFundDetail.aspx?FundID=014726,0.8
广发恒悦债券型证券投资基金,广发恒悦债券A,010449,R3,https://fund.cmbchina.com/FundPages/OpenFund/OpenFundDetail.aspx?FundID=010449,0.19
广发添福30天持有期债券型证券投资基金,广发添福30天持有债券A,019027,R3,https://fund.cmbchina.com/FundPages/OpenFund/OpenFundDetail.aspx?FundID=019027,0.04
广发中证全指建筑材料指数型发起式基金,广发中证全指建筑材料指数A,004856,R5,https://fund.cmbchina.com/FundPages/OpenFund/OpenFundDetail.aspx?FundID=004856,0.39
中金中证同业存单AAA指数7天持有期基金,中金中证同业存单AAA指数7天持有发起,015646,R2,https://fund.cmbchina.com/FundPages/OpenFund/OpenFundDetail.aspx?FundID=015646,0.44
广发中证全指医药卫生ETF联接基金,广发中证全指医药卫生ETF联接A,001180,R5,https://fund.cmbchina.com/FundPages/OpenFund/OpenFundDetail.aspx?FundID=001180,0.12
广发核心优选六个月持有期混合型FOF,广发核心优选六个月持有混合（FOF）C,011753,R4,https://fund.cmbchina.com/FundPages/OpenFund/OpenFundDetail.aspx?FundID=011753,0.45
广发盛兴混合型证券投资基金,广发盛兴混合A,011136,R4,https://fund.cmbchina.com/FundPages/OpenFund/OpenFundDetail.aspx?FundID=011136,0.47
广发诚享混合型证券投资基金,广发诚享混合C,011480,R4,https://fund.cmbchina.com/FundPages/OpenFund/OpenFundDetail.aspx?FundID=011480,0.69
广发稳健优选六个月持有期混合型基金,广发稳健优选六个月持有期混合C,009888,R4,https://fund.cmbchina.com/FundPages/OpenFund/OpenFundDetail.aspx?FundID=009888,0.63
广发瑞安精选股票型证券投资基金,广发瑞安精选股票C,010162,R5,https://fund.cmbchina.com/FundPages/OpenFund/OpenFundDetail.aspx?FundID=010162,0.06
广发中证全指电力ETF发起式联接基金,广发中证全指电力ETF发起式联接A,016185,R5,https://fund.cmbchina.com/FundPages/OpenFund/OpenFundDetail.aspx?FundID=016185,0.88
宝盈中证同业存单AAA指数7天持有期基金,宝盈中证同业存单AAA指数7天持有,018165,R2,https://fund.cmbchina.com/FundPages/OpenFund/OpenFundDetail.aspx?FundID=018165,0.66
广发瑞誉一年持有期混合型证券投资基金,广发瑞誉一年持有期混合C,014592,R4,https://fund.cmbchina.com/FundPages/OpenFund/OpenFundDetail.aspx?FundID=014592,0.82
国泰中证同业存单AAA指数7天持有期基金,国泰中证同业存单AAA指数7天持有期,015825,R2,https://fund.cmbchina.com/FundPages/OpenFund/OpenFundDetail.aspx?FundID=015825,0.95
广发高端制造股票型发起式证券投资基金,广发高端制造C,010160,R5,https://fund.cmbchina.com/FundPages/OpenFund/OpenFundDetail.aspx?FundID=010160,0.81
广发恒通六个月持有期混合型证券投资基金,广发恒通六个月持有期混合A,010036,R4,https://fund.cmbchina.com/FundPages/OpenFund/OpenFundDetail.aspx?FundID=010036,0.25
广发价值驱动混合型证券投资基金,广发价值驱动混合C,011428,R4,https://fund.cmbchina.com/FundPages/OpenFund/OpenFundDetail.aspx?FundID=011428,0.62
广发中证军工ETF联接基金,广发中证军工ETF联接C,005693,R5,https://fund.cmbchina.com/FundPages/OpenFund/OpenFundDetail.aspx?FundID=005693,0.61
广发国证新能源车电池ETF发起联接基金,广发国证新能源车电池ETF发起联接A,013179,R5,https://fund.cmbchina.com/FundPages/OpenFund/OpenFundDetail.aspx?FundID=013179,0.66
广发中证全指可选消费ETF发起式联接基金,广发中证全指可选消费ETF联接C,002977,R5,https://fund.cmbchina.com/FundPages/OpenFund/OpenFundDetail.aspx?FundID=002977,0.05
兴证全球中证同业存单AAA指数7天基金,兴证全球中证同业存单AAA指数7天持有,018610,R2,https://fund.cmbchina.com/FundPages/OpenFund/OpenFundDetail.aspx?FundID=018610,0.78
广发中证香港创新药ETF发起式联接QDII,广发中证香港创新药ETF联接（QDII）A,019670,R5,https://fund.cmbchina.com/FundPages/OpenFund/OpenFundDetail.aspx?FundID=019670,0.99
广发中证100交易型开放式指数基金,广发中证100ETF联接C类,007136,R5,https://fund.cmbchina.com/FundPages/OpenFund/OpenFundDetail.aspx?FundID=007136,0.57
广发景明中短债债券型证券投资基金,广发景明中短债A类,006591,R3,https://fund.cmbchina.com/FundPages/OpenFund/OpenFundDetail.aspx?FundID=006591,0.15
广发聚荣一年持有期混合型证券投资基金,广发聚荣一年持有期混合A,009525,R4,https://fund.cmbchina.com/FundPages/OpenFund/OpenFundDetail.aspx?FundID=009525,0.43
广发安悦回报灵活配置混合型证券投资基金,广发安悦回报混合A,002120,R4,https://fund.cmbchina.com/FundPages/OpenFund/OpenFundDetail.aspx?FundID=002120,0.32
广发科创主题灵活配置混合型（LOF）,广发科创主题灵活配置混合（LOF）,501078,R4,https://fund.cmbchina.com/FundPages/OpenFund/OpenFundDetail.aspx?FundID=501078,0.99
广发安悦回报灵活配置混合型证券投资基金,广发安悦回报混合C,011061,R4,https://fund.cmbchina.com/FundPages/OpenFund/OpenFundDetail.aspx?FundID=011061,0.54
广发聚鑫债券型证券投资基金,广发聚鑫C,000119,R3,https://fund.cmbchina.com/FundPages/OpenFund/OpenFundDetail.aspx?FundID=000119,0.55
广发盛泽一年持有期混合型证券投资基金,广发盛泽一年持有期混合A,013000,R4,https://fund.cmbchina.com/FundPages/OpenFund/OpenFundDetail.aspx?FundID=013000,0.11
广发聚瑞混合型证券投资基金,广发聚瑞混合A,270021,R5,https://fund.cmbchina.com/FundPages/OpenFund/OpenFundDetail.aspx?FundID=270021,0.73
广发价值驱动混合型证券投资基金,广发价值驱动混合A,011427,R4,https://fund.cmbchina.com/FundPages/OpenFund/OpenFundDetail.aspx?FundID=011427,0.54
广发新动力混合型证券投资基金,广发新动力,000550,R5,https://fund.cmbchina.com/FundPages/OpenFund/OpenFundDetail.aspx?FundID=000550,0.28
申万菱信中证同业存单指数7天持有期基金,申万菱信同业存单指数7天持有期,017111,R2,https://fund.cmbchina.com/FundPages/OpenFund/OpenFundDetail.aspx?FundID=017111,0.56
广发聚祥灵活配置混合型证券投资基金,广发聚祥灵活配置,000567,R4,https://fund.cmbchina.com/FundPages/OpenFund/OpenFundDetail.aspx?FundID=000567,1.0
中泰中证同业存单AAA指数7天持有期基金,中泰中证同业存单AAA指数7天持有,018678,R2,https://fund.cmbchina.com/FundPages/OpenFund/OpenFundDetail.aspx?FundID=018678,0.15
东方红中证同业存单AAA指数7天持有基金,东方红中证同业存单AAA指数7天持有,016366,R2,https://fund.cmbchina.com/FundPages/OpenFund/OpenFundDetail.aspx?FundID=016366,0.4
华夏中证同业存单AAA指数7天持有期基金,华夏中证同业存单AAA指数7天持有期,015644,R2,https://fund.cmbchina.com/FundPages/OpenFund/OpenFundDetail.aspx?FundID=015644,0.3
广发百发大数据策略成长混合型证券投资基金,广发百发大数据成长混合E,001735,R4,https://fund.cmbchina.com/FundPages/OpenFund/OpenFundDetail.aspx?FundID=001735,0.4
广发高股息优享混合型证券投资基金A类,广发高股息优享A,008704,R4,https://fund.cmbchina.com/FundPages/OpenFund/OpenFundDetail.aspx?FundID=008704,0.51
广发集轩债券型证券投资基金,广发集轩债券A,017475,R3,https://fund.cmbchina.com/FundPages/OpenFund/OpenFundDetail.aspx?FundID=017475,0.88
广发货币市场基金,广发货币C,005092,R1,https://fund.cmbchina.com/FundPages/OpenFund/OpenFundDetail.aspx?FundID=005092,0.3
广发均衡增长混合型证券投资基金,广发均衡增长混合C,010535,R4,https://fund.cmbchina.com/FundPages/OpenFund/OpenFundDetail.aspx?FundID=010535,0.1
广发价值增长混合型证券投资基金,广发价值增长混合C,011867,R4,https://fund.cmbchina.com/FundPages/OpenFund/OpenFundDetail.aspx?FundID=011867,0.98
广发盛兴混合型证券投资基金,广发盛兴混合C,011137,R4,https://fund.cmbchina.com/FundPages/OpenFund/OpenFundDetail.aspx?FundID=011137,0.77
广发全球精选股票型证券投资基金,广发全球精选美元现汇QDII,000906,R5,https://fund.cmbchina.com/FundPages/OpenFund/OpenFundDetail.aspx?FundID=000906,0.93
华安同业存单AAA指数7天持有期发起基金,华安中证同业存单AAA指数7天持有期,016063,R2,https://fund.cmbchina.com/FundPages/OpenFund/OpenFundDetail.aspx?FundID=016063,0.24
广发恒生综合中型股指数基金(LOF),广发港股通恒生综合中型指数A,501303,R5,https://fund.cmbchina.com/FundPages/OpenFund/OpenFundDetail.aspx?FundID=501303,0.64
广发理财年年红债券型证券投资基金,广发理财年年红A,270043,R3,https://fund.cmbchina.com/FundPages/OpenFund/OpenFundDetail.aspx?FundID=270043,0.74
广发恒通六个月持有期混合型证券投资基金,广发恒通六个月持有期混合C,010038,R4,https://fund.cmbchina.com/FundPages/OpenFund/OpenFundDetail.aspx?FundID=010038,0.67
广发瑞泽精选混合型证券投资基金,广发瑞泽精选混合C,012343,R4,https://fund.cmbchina.com/FundPages/OpenFund/OpenFundDetail.aspx?FundID=012343,0.27
东方红中证同业存单AAA指数7天持有基金,东方红中证同业存单AAA指数7天持有,016366,R2,https://fund.cmbchina.com/FundPages/OpenFund/OpenFundDetail.aspx?FundID=016366,0.58
广发瑞泽精选混合型证券投资基金,广发瑞泽精选混合A,012342,R4,https://fund.cmbchina.com/FundPages/OpenFund/OpenFundDetail.aspx?FundID=012342,0.18
广发纳斯达克生物科技指数发起式基金,广发纳斯达克生物科技（QDII）A,001092,R5,https://fund.cmbchina.com/FundPages/OpenFund/OpenFundDetail.aspx?FundID=001092,0.94
民生加银同业存单AAA指数7天持有期基金,民生加银同业存单AAA指数7天持有期,016860,R2,https://fund.cmbchina.com/FundPages/OpenFund/OpenFundDetail.aspx?FundID=016860,0.77
广发优选配置混合型基金中基金FOF-LOF,广发优选配置混合（FOF-LOF）A,501212,R4,https://fund.cmbchina.com/FundPages/OpenFund/OpenFundDetail.aspx?FundID=501212,0.73
广发招财短债债券型证券投资基金,广发招财短债C类,006673,R3,https://fund.cmbchina.com/FundPages/OpenFund/OpenFundDetail.aspx?FundID=006673,0.89
广发聚鸿六个月持有期混合型证券投资基金,广发聚鸿六个月持有期混合C,011139,R4,https://fund.cmbchina.com/FundPages/OpenFund/OpenFundDetail.aspx?FundID=011139,0.49
广发中证军工证券投资基金发起式联接基金,广发中证军工ETF联接A,003017,R5,https://fund.cmbchina.com/FundPages/OpenFund/OpenFundDetail.aspx?FundID=003017,0.94
广发小盘成长混合型证券投资基金(LOF),广发小盘成长LOF,162703,R5,https://fund.cmbchina.com/FundPages/OpenFund/OpenFundDetail.aspx?FundID=162703,0.41
广发大盘成长混合型证券投资基金前端,广发大盘成长前端,270007,R5,https://fund.cmbchina.com/FundPages/OpenFund/OpenFundDetail.aspx?FundID=270007,0.08
广发沪港深新起点股票型证券投资基金,广发沪港深新起点C,010024,R5,https://fund.cmbchina.com/FundPages/OpenFund/OpenFundDetail.aspx?FundID=010024,0.07
广发睿明优质企业混合型证券投资基金,广发睿明优质企业混合C,012261,R4,https://fund.cmbchina.com/FundPages/OpenFund/OpenFundDetail.aspx?FundID=012261,0.88
广发深证100指数证券投资基金（LOF）,广发深证100指数(LOF)C,009472,R5,https://fund.cmbchina.com/FundPages/OpenFund/OpenFundDetail.aspx?FundID=009472,0.52
广发多元新兴股票型证券投资基金,广发多元新兴,003745,R5,https://fund.cmbchina.com/FundPages/OpenFund/OpenFundDetail.aspx?FundID=003745,0.5
广发瑞福精选混合型证券投资基金,广发瑞福精选混合C,010453,R4,https://fund.cmbchina.com/FundPages/OpenFund/OpenFundDetail.aspx?FundID=010453,0.7
广发主题领先灵活配置混合型证券投资基金,广发主题领先灵活配置,000477,R4,https://fund.cmbchina.com/FundPages/OpenFund/OpenFundDetail.aspx?FundID=000477,0.28
广发鑫益灵活配置混合型证券投资基金,广发鑫益混合,002133,R4,https://fund.cmbchina.com/FundPages/OpenFund/OpenFundDetail.aspx?FundID=002133,0.61
广发均衡增长混合型证券投资基金,广发均衡增长混合A,010534,R4,https://fund.cmbchina.com/FundPages/OpenFund/OpenFundDetail.aspx?FundID=010534,0.21
广发上证科创板50ETF发起式联接基金,广发科创50ETF发起式联接C,013811,R5,https://fund.cmbchina.com/FundPages/OpenFund/OpenFundDetail.aspx?FundID=013811,0.67
申万菱信中证同业存单指数7天持有期基金,申万菱信同业存单指数7天持有期,017111,R2,https://fund.cmbchina.com/FundPages/OpenFund/OpenFundDetail.aspx?FundID=017111,0.79
广发价值领航一年持有期混合型证券投资基金,广发价值领航一年持有混合C,014318,R4,https://fund.cmbchina.com/FundPages/OpenFund/OpenFundDetail.aspx?FundID=014318,0.48
广发核心精选混合型证券投资基金,广发核心精选,270008,R5,https://fund.cmbchina.com/FundPages/OpenFund/OpenFundDetail.aspx?FundID=270008,0.66
广发稳裕混合型证券投资基金,广发稳裕A,002622,R4,https://fund.cmbchina.com/FundPages/OpenFund/OpenFundDetail.aspx?FundID=002622,0.27
广发中证上海环交所碳中和ETF发起式联接,广发上海环交所碳中和ETF发起式联接A,016897,R5,https://fund.cmbchina.com/FundPages/OpenFund/OpenFundDetail.aspx?FundID=016897,0.37
广发聚财信用债券型证券投资基金,广发聚财信用B,270030,R3,https://fund.cmbchina.com/FundPages/OpenFund/OpenFundDetail.aspx?FundID=270030,0.15
广发中证传媒ETF联接基金,广发中证传媒ETF联接C类,004753,R5,https://fund.cmbchina.com/FundPages/OpenFund/OpenFundDetail.aspx?FundID=004753,0.84
广发多因子灵活配置混合型证券投资基金,广发多因子混合,002943,R4,https://fund.cmbchina.com/FundPages/OpenFund/OpenFundDetail.aspx?FundID=002943,0.12
广发小盘成长混合型证券投资基金(LOF),广发小盘成长混合C,009132,R4,https://fund.cmbchina.com/FundPages/OpenFund/OpenFundDetail.aspx?FundID=009132,0.12
广发安诚养老2040三年持有混合发起式FOF,广发安诚养老2040三年持有混合(FOF)A,018672,R4,https://fund.cmbchina.com/FundPages/OpenFund/OpenFundDetail.aspx?FundID=018672,0.98
广发道琼斯美国石油开发与生产指数C类,广发石油指数QDII-C,004243,R5,https://fund.cmbchina.com/FundPages/OpenFund/OpenFundDetail.aspx?FundID=004243,0.55
广发聚丰混合型证券投资基金,广发聚丰后端A,270015,R5,https://fund.cmbchina.com/FundPages/OpenFund/OpenFundDetail.aspx?FundID=270015,0.75
广发悦享一年持有期混合型基金中基金FOF,广发悦享一年持有混合（FOF）,014665,R4,https://fund.cmbchina.com/FundPages/OpenFund/OpenFundDetail.aspx?FundID=014665,0.1
广发聚富开放式证券投资基金,广发聚富后端,270011,R4,https://fund.cmbchina.com/FundPages/OpenFund/OpenFundDetail.aspx?FundID=270011,0.72
广发景明中短债债券型证券投资基金,广发景明中短债C类,006592,R3,https://fund.cmbchina.com/FundPages/OpenFund/OpenFundDetail.aspx?FundID=006592,0.1
广发港股通优质增长混合型证券投资基金,广发港股通优质增长混合C,013392,R4,https://fund.cmbchina.com/FundPages/OpenFund/OpenFundDetail.aspx?FundID=013392,0.45
建信中证同业存单AAA指数7天持有期基金,建信中证同业存单AAA指数7天持有,016362,R2,https://fund.cmbchina.com/FundPages/OpenFund/OpenFundDetail.aspx?FundID=016362,0.95
广发上海金交易型开放式联接基金,广发上海金ETF联接C类,008987,R5,https://fund.cmbchina.com/FundPages/OpenFund/OpenFundDetail.aspx?FundID=008987,0.17
广发道琼斯石油指数基金QDII-LOF,广发石油指数QDII-A,162719,R5,https://fund.cmbchina.com/FundPages/OpenFund/OpenFundDetail.aspx?FundID=162719,0.63
广发成长优选灵活配置混合型证券投资基金,广发成长优选灵活配置,000214,R4,https://fund.cmbchina.com/FundPages/OpenFund/OpenFundDetail.aspx?FundID=000214,0.04
广发招阳两年持有期混合型基金中基金(FOF),广发招阳两年持有混合(FOF)A,016991,R4,https://fund.cmbchina.com/FundPages/OpenFund/OpenFundDetail.aspx?FundID=016991,0.87
天弘中证同业存单AAA指数7天持有期基金,天弘中证同业存单AAA指数7天持有,017423,R2,https://fund.cmbchina.com/FundPages/OpenFund/OpenFundDetail.aspx?FundID=017423,0.91
广发中债7-10年期国开行债券指数基金,广发中债7-10年国开债指数A,003376,R3,https://fund.cmbchina.com/FundPages/OpenFund/OpenFundDetail.aspx?FundID=003376,0.03
广发鑫和灵活配置混合型证券投资基金,广发鑫和混合A,004750,R4,https://fund.cmbchina.com/FundPages/OpenFund/OpenFundDetail.aspx?FundID=004750,0.5
广发中证香港创新药ETF发起式联接QDII,广发中证香港创新药ETF联接（QDII）C,019671,R5,https://fund.cmbchina.com/FundPages/OpenFund/OpenFundDetail.aspx?FundID=019671,0.3
广发消费升级股票型证券投资基金,广发消费升级,006671,R5,https://fund.cmbchina.com/FundPages/OpenFund/OpenFundDetail.aspx?FundID=006671,0.63
广发资管昭利中短债债券型集合资产管理计划,广发昭利中短债C份额,872017,R3,https://fund.cmbchina.com/FundPages/OpenFund/OpenFundDetail.aspx?FundID=872017,0.63
广发添财180天滚动持有债券型基金,广发添财180天滚动持有债券E,012593,R3,https://fund.cmbchina.com/FundPages/OpenFund/OpenFundDetail.aspx?FundID=012593,0.03
广发改革先锋灵活配置混合型证券投资基金,广发改革先锋灵活配置,001468,R4,https://fund.cmbchina.com/FundPages/OpenFund/OpenFundDetail.aspx?FundID=001468,0.51
广发均衡养老目标三年持有期混合型FOF,广发均衡养老三年持有混合（FOF）Y,017383,R4,https://fund.cmbchina.com/FundPages/OpenFund/OpenFundDetail.aspx?FundID=017383,0.77
广发睿升混合型证券投资基金,广发睿升混合C,013937,R4,https://fund.cmbchina.com/FundPages/OpenFund/OpenFundDetail.aspx?FundID=013937,0.4
广发中债1-3年农发行债券指数基金,广发中债1-3年农发债指数A,005623,R3,https://fund.cmbchina.com/FundPages/OpenFund/OpenFundDetail.aspx?FundID=005623,0.87
广发聚利债券型证券投资基金,广发聚利债券A,162712,R3,https://fund.cmbchina.com/FundPages/OpenFund/OpenFundDetail.aspx?FundID=162712,0.67
广发集源债券型证券投资基金,广发集源债券C,002926,R3,https://fund.cmbchina.com/FundPages/OpenFund/OpenFundDetail.aspx?FundID=002926,0.6
广发品质回报混合型证券投资基金,广发品质回报混合A,009119,R4,https://fund.cmbchina.com/FundPages/OpenFund/OpenFundDetail.aspx?FundID=009119,0.28
广发睿鑫混合型证券投资基金,广发睿鑫混合C,010458,R4,https://fund.cmbchina.com/FundPages/OpenFund/OpenFundDetail.aspx?FundID=010458,0.21
国寿安保同业存单AAA指数7天持有期基金,国寿安保同业存单AAA指数7天持有期,019121,R2,https://fund.cmbchina.com/FundPages/OpenFund/OpenFundDetail.aspx?FundID=019121,0.16
广发纯债债券型证券投资基金,广发纯债A,270048,R3,https://fund.cmbchina.com/FundPages/OpenFund/OpenFundDetail.aspx?FundID=270048,0.89
广发竞争优势灵活配置混合型证券投资基金,广发竞争优势灵活配置C,011755,R4,https://fund.cmbchina.com/FundPages/OpenFund/OpenFundDetail.aspx?FundID=011755,0.78
广发恒隆一年持有期混合型证券投资基金,广发恒隆一年持有期混合A,009135,R4,https://fund.cmbchina.com/FundPages/OpenFund/OpenFundDetail.aspx?FundID=009135,0.02
广发中证全指可选消费ETF联接基金,广发中证全指可选消费ETF联接A,001133,R5,https://fund.cmbchina.com/FundPages/OpenFund/OpenFundDetail.aspx?FundID=001133,0.84
华安同业存单AAA指数7天持有期发起基金,华安中证同业存单AAA指数7天持有期,016063,R2,https://fund.cmbchina.com/FundPages/OpenFund/OpenFundDetail.aspx?FundID=016063,0.09
广发中债7-10年期国开行债券指数基金,广发中债7-10年国开债指数E,011062,R3,https://fund.cmbchina.com/FundPages/OpenFund/OpenFundDetail.aspx?FundID=011062,0.41
广发价值领先混合型证券投资基金,广发价值领先混合C,012420,R4,https://fund.cmbchina.com/FundPages/OpenFund/OpenFundDetail.aspx?FundID=012420,0.02
广发中证环保产业ETF联接基金,广发中证环保ETF联接C,002984,R5,https://fund.cmbchina.com/FundPages/OpenFund/OpenFundDetail.aspx?FundID=002984,0.7
广发资管昭利中短债债券型集合资产管理计划,广发昭利中短债A份额,872015,R3,https://fund.cmbchina.com/FundPages/OpenFund/OpenFundDetail.aspx?FundID=872015,0.53
中银中证同业存单AAA指数7天持有期基金,中银中证同业存单AAA指数7天持有期,015944,R2,https://fund.cmbchina.com/FundPages/OpenFund/OpenFundDetail.aspx?FundID=015944,0.98
广发集轩债券型证券投资基金,广发集轩债券C,017476,R3,https://fund.cmbchina.com/FundPages/OpenFund/OpenFundDetail.aspx?FundID=017476,0.32
广发大盘成长混合型证券投资基金后端,广发大盘成长后端,270017,R5,https://fund.cmbchina.com/FundPages/OpenFund/OpenFundDetail.aspx?FundID=270017,0.03
万家中证同业存单AAA指数7天持有期基金,万家中证同业存单AAA指数7天持有期,015955,R2,https://fund.cmbchina.com/FundPages/OpenFund/OpenFundDetail.aspx?FundID=015955,0.86
广发聚利债券型证券投资基金（LOF）,广发聚利债券C类,007235,R3,https://fund.cmbchina.com/FundPages/OpenFund/OpenFundDetail.aspx?FundID=007235,0.34
浦银安盛同业存单AAA指数7天持有期基金,浦银安盛同业存单指数7天持有,016587,R2,https://fund.cmbchina.com/FundPages/OpenFund/OpenFundDetail.aspx?FundID=016587,0.07
广发北证50成份指数型证券投资基金,广发北证50成份指数A,017512,R5,https://fund.cmbchina.com/FundPages/OpenFund/OpenFundDetail.aspx?FundID=017512,0.47
广发富信优选六个月持有期混合型FOF,广发富信优选六个月持有混合（FOF）C,016990,R4,https://fund.cmbchina.com/FundPages/OpenFund/OpenFundDetail.aspx?FundID=016990,0.1
广发睿杰精选混合型发起式证券投资基金,广发睿杰精选混合发起式A2,019375,R4,https://fund.cmbchina.com/FundPages/OpenFund/OpenFundDetail.aspx?FundID=019375,0.09
广发景和中短债债券型证券投资基金,广发景和中短债A,006870,R3,https://fund.cmbchina.com/FundPages/OpenFund/OpenFundDetail.aspx?FundID=006870,0.94
广发稳睿六个月持有期混合型证券投资基金,广发稳睿六个月持有期混合C,012944,R4,https://fund.cmbchina.com/FundPages/OpenFund/OpenFundDetail.aspx?FundID=012944,0.97
广发集嘉债券型证券投资基金,广发集嘉C类,006141,R3,https://fund.cmbchina.com/FundPages/OpenFund/OpenFundDetail.aspx?FundID=006141,0.87
广发添福30天持有期债券型证券投资基金,广发添福30天持有债券C,019028,R3,https://fund.cmbchina.com/FundPages/OpenFund/OpenFundDetail.aspx?FundID=019028,0.81
广发沪深300ETF联接基金,广发沪深300ETF联接C,002987,R5,https://fund.cmbchina.com/FundPages/OpenFund/OpenFundDetail.aspx?FundID=002987,0.04
广发创新医疗两年持有期混合型证券投资基金,广发创新医疗两年持有期混合C,010732,R4,https://fund.cmbchina.com/FundPages/OpenFund/OpenFundDetail.aspx?FundID=010732,0.79
广发医疗保健股票型证券投资基金,广发医疗保健股票A,004851,R5,https://fund.cmbchina.com/FundPages/OpenFund/OpenFundDetail.aspx?FundID=004851,0.43
广发电子信息传媒产业精选股票型发起式基金,广发电子信息传媒产业精选A,005310,R5,https://fund.cmbchina.com/FundPages/OpenFund/OpenFundDetail.aspx?FundID=005310,0.6
广发瑞安精选股票型证券投资基金,广发瑞安精选股票A,010161,R5,https://fund.cmbchina.com/FundPages/OpenFund/OpenFundDetail.aspx?FundID=010161,0.65
广发集远债券型证券投资基金,广发集远债券C,016004,R3,https://fund.cmbchina.com/FundPages/OpenFund/OpenFundDetail.aspx?FundID=016004,0.32
中金中证同业存单AAA指数7天持有期基金,中金中证同业存单AAA指数7天持有发起,015646,R2,https://fund.cmbchina.com/FundPages/OpenFund/OpenFundDetail.aspx?FundID=015646,0.93
广发稳健增长开放式证券投资基金,广发稳健增长C,009326,R4,https://fund.cmbchina.com/FundPages/OpenFund/OpenFundDetail.aspx?FundID=009326,0.84
广发高股息优享混合型证券投资基金C类,广发高股息优享C,008705,R4,https://fund.cmbchina.com/FundPages/OpenFund/OpenFundDetail.aspx?FundID=008705,0.39
广发中证养老产业指数型发起式基金,广发中证养老产业指数A,000968,R5,https://fund.cmbchina.com/FundPages/OpenFund/OpenFundDetail.aspx?FundID=000968,0.25
广发集嘉债券型证券投资基金,广发集嘉A类,006140,R3,https://fund.cmbchina.com/FundPages/OpenFund/OpenFundDetail.aspx?FundID=006140,0.27
广发优选配置混合型基金中基金FOF-LOF,广发优选配置混合（FOF-LOF）C,013825,R4,https://fund.cmbchina.com/FundPages/OpenFund/OpenFundDetail.aspx?FundID=013825,0.84
广发集优9个月持有期债券型证券投资基金,广发集优9个月持有期债券C,012331,R3,https://fund.cmbchina.com/FundPages/OpenFund/OpenFundDetail.aspx?FundID=012331,0.39
广发均衡回报混合型证券投资基金,广发均衡回报混合A,011975,R4,https://fund.cmbchina.com/FundPages/OpenFund/OpenFundDetail.aspx?FundID=011975,0.99
广发瑞福精选混合型证券投资基金,广发瑞福精选混合A,010452,R4,https://fund.cmbchina.com/FundPages/OpenFund/OpenFundDetail.aspx?FundID=010452,0.4
广发中证500交易型指数联接基金LOF,广发中证500ETF联接A,162711,R5,https://fund.cmbchina.com/FundPages/OpenFund/OpenFundDetail.aspx?FundID=162711,0.08
长城中证同业存单AAA指数7天持有期基金,长城中证同业存单AAA指数7天持有,016625,R2,https://fund.cmbchina.com/FundPages/OpenFund/OpenFundDetail.aspx?FundID=016625,0.29
广发美国房地产指数证券投资基金,广发美国房地产指数A类QDII,000179,R5,https://fund.cmbchina.com/FundPages/OpenFund/OpenFundDetail.aspx?FundID=000179,0.38
广发中证500指数增强型证券投资基金,广发中证500指数增强A,009608,R5,https://fund.cmbchina.com/FundPages/OpenFund/OpenFundDetail.aspx?FundID=009608,0.86
广发美国房地产指数证券投资基金,广发美国房地产指数人民币（QDII）C,016278,R5,https://fund.cmbchina.com/FundPages/OpenFund/OpenFundDetail.aspx?FundID=016278,0.19
广发创新驱动灵活配置混合型证券投资基金,广发创新驱动灵活配置,004119,R4,https://fund.cmbchina.com/FundPages/OpenFund/OpenFundDetail.aspx?FundID=004119,0.67
广发资源优选股票型发起式证券投资基金,广发资源优选股票C,010235,R5,https://fund.cmbchina.com/FundPages/OpenFund/OpenFundDetail.aspx?FundID=010235,0.27
广发聚荣一年持有期混合型证券投资基金,广发聚荣一年持有期混合C,009526,R4,https://fund.cmbchina.com/FundPages/OpenFund/OpenFundDetail.aspx?FundID=009526,0.1
广发中证同业存单AAA指数7天持有期基金,广发中证同业存单AAA指数7天持有期,015826,R2,https://fund.cmbchina.com/FundPages/OpenFund/OpenFundDetail.aspx?FundID=015826,0.91
广发集悦债券型证券投资基金,广发集悦债券C,013629,R3,https://fund.cmbchina.com/FundPages/OpenFund/OpenFundDetail.aspx?FundID=013629,0.46
广发量化多因子灵活配置混合型证券投资基金,广发量化多因子灵活配置,005225,R4,https://fund.cmbchina.com/FundPages/OpenFund/OpenFundDetail.aspx?FundID=005225,0.64
广发聚优灵活配置混合型证券投资基金,广发聚优灵活配置,000167,R4,https://fund.cmbchina.com/FundPages/OpenFund/OpenFundDetail.aspx?FundID=000167,0.78
广发中证全指医药卫生ETF联接基金,广发中证全指医药卫生ETF联接C,002978,R5,https://fund.cmbchina.com/FundPages/OpenFund/OpenFundDetail.aspx?FundID=002978,0.83
广发研究精选股票型证券投资基金,广发研究精选股票C,010113,R5,https://fund.cmbchina.com/FundPages/OpenFund/OpenFundDetail.aspx?FundID=010113,0.7
广发内需增长灵活配置混合型证券投资基金,广发内需增长混合A,270022,R4,https://fund.cmbchina.com/FundPages/OpenFund/OpenFundDetail.aspx?FundID=270022,0.34
广发沪港深价值精选混合型证券投资基金,广发沪港深价值精选混合A,011908,R4,https://fund.cmbchina.com/FundPages/OpenFund/OpenFundDetail.aspx?FundID=011908,0.46
广发恒生科技ETF联接基金（QDII）,广发恒生科技ETF联接（QDII）C,012805,R5,https://fund.cmbchina.com/FundPages/OpenFund/OpenFundDetail.aspx?FundID=012805,0.63
广发鑫睿一年持有期混合型证券投资基金,广发鑫睿一年持有期混合A,012528,R4,https://fund.cmbchina.com/FundPages/OpenFund/OpenFundDetail.aspx?FundID=012528,0.52
广发盛锦混合型证券投资基金,广发盛锦混合C,012527,R4,https://fund.cmbchina.com/FundPages/OpenFund/OpenFundDetail.aspx?FundID=012527,0.83
广发港股通恒生综合中型股指数证券投资基金,广发港股通恒生综合中型指数C,004996,R5,https://fund.cmbchina.com/FundPages/OpenFund/OpenFundDetail.aspx?FundID=004996,0.7
广发轮动配置混合型证券投资基金,广发轮动配置,000117,R5,https://fund.cmbchina.com/FundPages/OpenFund/OpenFundDetail.aspx?FundID=000117,0.3
广发科技先锋混合型证券投资基金,广发科技先锋,008903,R4,https://fund.cmbchina.com/FundPages/OpenFund/OpenFundDetail.aspx?FundID=008903,0.26
广发睿盛混合型证券投资基金,广发睿盛混合C,012034,R4,https://fund.cmbchina.com/FundPages/OpenFund/OpenFundDetail.aspx?FundID=012034,0.28
广发瑞誉一年持有期混合型证券投资基金,广发瑞誉一年持有期混合A,014591,R4,https://fund.cmbchina.com/FundPages/OpenFund/OpenFundDetail.aspx?FundID=014591,0.79
嘉实中证同业存单AAA指数7天持有期基金,嘉实中证同业存单AAA指数7天持有期,015861,R2,https://fund.cmbchina.com/FundPages/OpenFund/OpenFundDetail.aspx?FundID=015861,0.45
广发稳润一年持有期混合型证券投资基金,广发稳润一年持有期混合A,017096,R3,https://fund.cmbchina.com/FundPages/OpenFund/OpenFundDetail.aspx?FundID=017096,0.81
广发鑫享灵活配置混合型证券投资基金,广发鑫享混合C,015322,R4,https://fund.cmbchina.com/FundPages/OpenFund/OpenFundDetail.aspx?FundID=015322,0.55
广发研究精选股票型证券投资基金,广发研究精选股票A,010112,R5,https://fund.cmbchina.com/FundPages/OpenFund/OpenFundDetail.aspx?FundID=010112,0.53
广发可转债债券型发起式证券投资基金,广发可转债债券A类,006482,R3,https://fund.cmbchina.com/FundPages/OpenFund/OpenFundDetail.aspx?FundID=006482,0.89
广发集远债券型证券投资基金,广发集远债券A,016003,R3,https://fund.cmbchina.com/FundPages/OpenFund/OpenFundDetail.aspx?FundID=016003,0.38
大成中证同业存单AAA指数7天持有期基金,大成中证同业存单AAA指数7天持有,016852,R2,https://fund.cmbchina.com/FundPages/OpenFund/OpenFundDetail.aspx?FundID=016852,0.37
广发景宁纯债债券型证券投资基金,广发景宁纯债C,013449,R3,https://fund.cmbchina.com/FundPages/OpenFund/OpenFundDetail.aspx?FundID=013449,0.25
广发安享灵活配置混合型证券投资基金,广发安享混合C,002117,R4,https://fund.cmbchina.com/FundPages/OpenFund/OpenFundDetail.aspx?FundID=002117,0.98
天弘中证同业存单AAA指数7天持有期基金,天弘中证同业存单AAA指数7天持有,017423,R2,https://fund.cmbchina.com/FundPages/OpenFund/OpenFundDetail.aspx?FundID=017423,0.78
广发核心优选六个月持有期混合型FOF,广发核心优选六个月持有混合（FOF）A,011752,R4,https://fund.cmbchina.com/FundPages/OpenFund/OpenFundDetail.aspx?FundID=011752,0.72
国泰中证同业存单AAA指数7天持有期基金,国泰中证同业存单AAA指数7天持有期,015825,R2,https://fund.cmbchina.com/FundPages/OpenFund/OpenFundDetail.aspx?FundID=015825,0.68
广发百发大数据策略精选灵活配置混合型基金,广发百发大数据策略精选A,001741,R4,https://fund.cmbchina.com/FundPages/OpenFund/OpenFundDetail.aspx?FundID=001741,0.52
易方达中证同业存单AAA指数7天持有基金,易方达中证同业存单AAA指数7天持有,015822,R2,https://fund.cmbchina.com/FundPages/OpenFund/OpenFundDetail.aspx?FundID=015822,0.39
平安中证同业存单AAA指数7天持有期基金,平安中证同业存单AAA指数7天持有期,015645,R2,https://fund.cmbchina.com/FundPages/OpenFund/OpenFundDetail.aspx?FundID=015645,0.58
广发沪港深价值成长混合型证券投资基金,广发沪港深价值成长混合A,011637,R4,https://fund.cmbchina.com/FundPages/OpenFund/OpenFundDetail.aspx?FundID=011637,0.36
广发沪深300交易型开放式指数联接基金,广发沪深300ETF联接A,270010,R5,https://fund.cmbchina.com/FundPages/OpenFund/OpenFundDetail.aspx?FundID=270010,0.12
广发中证创新药产业ETF发起式联接基金,广发创新药ETF联接C,012738,R5,https://fund.cmbchina.com/FundPages/OpenFund/OpenFundDetail.aspx?FundID=012738,0.4
广发安盈灵活配置混合型证券投资基金,广发安盈混合C,002119,R4,https://fund.cmbchina.com/FundPages/OpenFund/OpenFundDetail.aspx?FundID=002119,0.41
广发国证新能源车电池ETF发起联接基金,广发国证新能源车电池ETF发起联接C,013180,R5,https://fund.cmbchina.com/FundPages/OpenFund/OpenFundDetail.aspx?FundID=013180,0.92
广发中债7-10年期国开行债券指数基金,广发中债7-10年国开债指数C,003377,R3,https://fund.cmbchina.com/FundPages/OpenFund/OpenFundDetail.aspx?FundID=003377,0.44
万家中证同业存单AAA指数7天持有期基金,万家中证同业存单AAA指数7天持有期,015955,R2,https://fund.cmbchina.com/FundPages/OpenFund/OpenFundDetail.aspx?FundID=015955,0.71
广发聚源债券型证券投资基金,广发聚源A类LOF,162715,R3,https://fund.cmbchina.com/FundPages/OpenFund/OpenFundDetail.aspx?FundID=162715,0.39
广发制造业精选混合型证券投资基金,广发制造业精选混合C类,010023,R4,https://fund.cmbchina.com/FundPages/OpenFund/OpenFundDetail.aspx?FundID=010023,0.31
广发中证基建工程交易型开放式指数联接基金,广发中证基建工程ETF联接A,005223,R5,https://fund.cmbchina.com/FundPages/OpenFund/OpenFundDetail.aspx?FundID=005223,0.64
广发医药健康混合型证券投资基金,广发医药健康混合C,010111,R4,https://fund.cmbchina.com/FundPages/OpenFund/OpenFundDetail.aspx?FundID=010111,0.8
广发睿毅领先混合型证券投资基金,广发睿毅领先混合C,012449,R4,https://fund.cmbchina.com/FundPages/OpenFund/OpenFundDetail.aspx?FundID=012449,0.06
广发品质回报混合型证券投资基金,广发品质回报混合C,009120,R4,https://fund.cmbchina.com/FundPages/OpenFund/OpenFundDetail.aspx?FundID=009120,0.39
广发恒阳一年持有期混合型证券投资基金,广发恒阳一年持有期混合C,013185,R4,https://fund.cmbchina.com/FundPages/OpenFund/OpenFundDetail.aspx?FundID=013185,0.66
广发安盈灵活配置混合型证券投资基金,广发安盈混合A,002118,R4,https://fund.cmbchina.com/FundPages/OpenFund/OpenFundDetail.aspx?FundID=002118,0.05
广发中证央企创新驱动指数基金联接基金,广发央企创新驱动ETF联接A类,007784,R5,https://fund.cmbchina.com/FundPages/OpenFund/OpenFundDetail.aspx?FundID=007784,0.51
建信中证同业存单AAA指数7天持有期基金,建信中证同业存单AAA指数7天持有,016362,R2,https://fund.cmbchina.com/FundPages/OpenFund/OpenFundDetail.aspx?FundID=016362,0.64
中信建投同业存单AAA指数7天持有期基金,中信建投中证同业存单AAA指数7天持有,017183,R2,https://fund.cmbchina.com/FundPages/OpenFund/OpenFundDetail.aspx?FundID=017183,0.95
广发均衡养老目标三年持有期混合型FOF,广发均衡养老三年持有混合(FOF)A,007249,R4,https://fund.cmbchina.com/FundPages/OpenFund/OpenFundDetail.aspx?FundID=007249,0.35
广发安裕稳健养老目标一年持有期混合FOF,广发安裕稳健养老目标一年持有期(FOF)A,013696,R4,https://fund.cmbchina.com/FundPages/OpenFund/OpenFundDetail.aspx?FundID=013696,0.27
广发稳润一年持有期混合型证券投资基金,广发稳润一年持有期混合C,017097,R3,https://fund.cmbchina.com/FundPages/OpenFund/OpenFundDetail.aspx?FundID=017097,0.92
广发北交所精选两年定期开放混合型基金,广发北交所精选两年定开混合C,014274,R4,https://fund.cmbchina.com/FundPages/OpenFund/OpenFundDetail.aspx?FundID=014274,0.8
广发养老目标日期2040三年持有期FOF,广发养老目标日期2040三年持有期(FOF)Y,017402,R4,https://fund.cmbchina.com/FundPages/OpenFund/OpenFundDetail.aspx?FundID=017402,0.7
兴证全球中证同业存单AAA指数7天基金,兴证全球中证同业存单AAA指数7天持有,018610,R2,https://fund.cmbchina.com/FundPages/OpenFund/OpenFundDetail.aspx?FundID=018610,0.03
国联安中证同业存单AAA指数7天持有基金,国联安中证同业存单AAA指数7天持有期,015956,R2,https://fund.cmbchina.com/FundPages/OpenFund/OpenFundDetail.aspx?FundID=015956,0.13
广发电子信息传媒产业精选股票型发起式基金,广发电子信息传媒产业精选C,010236,R5,https://fund.cmbchina.com/FundPages/OpenFund/OpenFundDetail.aspx?FundID=010236,0.5
广发锐意进取3个月持有期混合型发起式FOF,广发锐意进取3个月持有混合（FOF）C,009322,R4,https://fund.cmbchina.com/FundPages/OpenFund/OpenFundDetail.aspx?FundID=009322,0.53
广发稳健增长开放式证券投资基金,广发稳健增长A,270002,R4,https://fund.cmbchina.com/FundPages/OpenFund/OpenFundDetail.aspx?FundID=270002,0.78
广发聚安混合型证券投资基金,广发聚安混合A,001115,R4,https://fund.cmbchina.com/FundPages/OpenFund/OpenFundDetail.aspx?FundID=001115,0.18
景顺长城同业存单AAA指数7天持有期基金,景顺长城中证同业存单AAA指数7天持有,015862,R2,https://fund.cmbchina.com/FundPages/OpenFund/OpenFundDetail.aspx?FundID=015862,0.02
广发高端制造股票型发起式证券投资基金,广发高端制造A,004997,R5,https://fund.cmbchina.com/FundPages/OpenFund/OpenFundDetail.aspx?FundID=004997,0.68
浦银安盛同业存单AAA指数7天持有期基金,浦银安盛同业存单指数7天持有,016587,R2,https://fund.cmbchina.com/FundPages/OpenFund/OpenFundDetail.aspx?FundID=016587,0.49
嘉实中证同业存单AAA指数7天持有期基金,嘉实中证同业存单AAA指数7天持有期,015861,R2,https://fund.cmbchina.com/FundPages/OpenFund/OpenFundDetail.aspx?FundID=015861,0.14
长盛中证同业存单AAA指数7天持有期基金,长盛中证同业存单AAA指数7天持有期,017136,R2,https://fund.cmbchina.com/FundPages/OpenFund/OpenFundDetail.aspx?FundID=017136,0.04
广发招财短债债券型证券投资基金,广发招财短债A类,006672,R3,https://fund.cmbchina.com/FundPages/OpenFund/OpenFundDetail.aspx?FundID=006672,0.4
广发鑫源灵活配置混合型证券投资基金,广发鑫源混合C,002136,R4,https://fund.cmbchina.com/FundPages/OpenFund/OpenFundDetail.aspx?FundID=002136,0.16
广发集利一年定期开放债券型证券投资基金,广发集利一年定开债A,000267,R3,https://fund.cmbchina.com/FundPages/OpenFund/OpenFundDetail.aspx?FundID=000267,0.66
广发中证全指金融地产ETF发起式联接基金,广发中证全指金融地产ETF联接C,002979,R5,https://fund.cmbchina.com/FundPages/OpenFund/OpenFundDetail.aspx?FundID=002979,1.0
广发可转债债券型发起式证券投资基金,广发可转债债券C类,006483,R3,https://fund.cmbchina.com/FundPages/OpenFund/OpenFundDetail.aspx?FundID=006483,0.61
广发集优9个月持有期债券型证券投资基金,广发集优9个月持有期债券A,012330,R3,https://fund.cmbchina.com/FundPages/OpenFund/OpenFundDetail.aspx?FundID=012330,0.11
广发纳指100ETF联接人民币（QDII）,广发纳斯达克100ETF联接(QDII)A,270042,R5,https://fund.cmbchina.com/FundPages/OpenFund/OpenFundDetail.aspx?FundID=270042,0.56
广发安裕稳健养老目标一年持有期混合FOF,广发安裕稳健养老目标一年持有（FOF）Y,017378,R4,https://fund.cmbchina.com/FundPages/OpenFund/OpenFundDetail.aspx?FundID=017378,0.8
广发消费品精选混合型证券投资基金,广发消费品精选混合C,010022,R4,https://fund.cmbchina.com/FundPages/OpenFund/OpenFundDetail.aspx?FundID=010022,0.6
广发资管平衡精选一年持有混合集合管理计划,广发资管平衡一年A,870009,R4,https://fund.cmbchina.com/FundPages/OpenFund/OpenFundDetail.aspx?FundID=870009,0.22
广发港股通恒生综合中型股指数基金(LOF),广发恒生中型股指数（LOF）E,018238,R5,https://fund.cmbchina.com/FundPages/OpenFund/OpenFundDetail.aspx?FundID=018238,0.84
广发中证全指电力ETF发起式联接基金,广发中证全指电力ETF发起式联接C,016186,R5,https://fund.cmbchina.com/FundPages/OpenFund/OpenFundDetail.aspx?FundID=016186,0.68
广发中小盘精选混合型证券投资基金,广发中小盘精选混合C,013955,R4,https://fund.cmbchina.com/FundPages/OpenFund/OpenFundDetail.aspx?FundID=013955,0.09
广发兴诚混合型证券投资基金,广发兴诚混合A,011121,R4,https://fund.cmbchina.com/FundPages/OpenFund/OpenFundDetail.aspx?FundID=011121,0.53
广发策略优选混合型证券投资基金后端,广发策略优选后端,270016,R5,https://fund.cmbchina.com/FundPages/OpenFund/OpenFundDetail.aspx?FundID=270016,0.45
广发价值领航一年持有期混合型证券投资基金,广发价值领航一年持有混合A,014317,R4,https://fund.cmbchina.com/FundPages/OpenFund/OpenFundDetail.aspx?FundID=014317,0.06
广发睿毅领先混合型证券投资基金,广发睿毅领先混合A,005233,R4,https://fund.cmbchina.com/FundPages/OpenFund/OpenFundDetail.aspx?FundID=005233,0.24
广发沪港深医药混合型证券投资基金,广发沪港深医药混合A,014114,R4,https://fund.cmbchina.com/FundPages/OpenFund/OpenFundDetail.aspx?FundID=014114,0.43
广发恒生科技ETF联接基金（QDII）,广发恒生科技ETF联接（QDII）A,012804,R5,https://fund.cmbchina.com/FundPages/OpenFund/OpenFundDetail.aspx?FundID=012804,0.24
华夏中证同业存单AAA指数7天持有期基金,华夏中证同业存单AAA指数7天持有期,015644,R2,https://fund.cmbchina.com/FundPages/OpenFund/OpenFundDetail.aspx?FundID=015644,0.31
广发上清所0-4年央企80债券指数基金,广发央企80债券指数A,008482,R3,https://fund.cmbchina.com/FundPages/OpenFund/OpenFundDetail.aspx?FundID=008482,0.77
广发盛泽一年持有期混合型证券投资基金,广发盛泽一年持有期混合C,013001,R4,https://fund.cmbchina.com/FundPages/OpenFund/OpenFundDetail.aspx?FundID=013001,0.96
广发资管昭利中短债债券型集合资产管理计划,广发昭利中短债B份额,872016,R3,https://fund.cmbchina.com/FundPages/OpenFund/OpenFundDetail.aspx?FundID=872016,0.24
广发中证全指建筑材料指数型发起式基金,广发中证全指建筑材料指数C,004857,R5,https://fund.cmbchina.com/FundPages/OpenFund/OpenFundDetail.aspx?FundID=004857,0.73
广发纳斯达克100指数联接基金（QDII）,广发纳斯达克100ETF联接美元(QDII)A,000055,R5,https://fund.cmbchina.com/FundPages/OpenFund/OpenFundDetail.aspx?FundID=000055,0.61
广发聚盛灵活配置混合型证券投资基金,广发聚盛混合C,002026,R4,https://fund.cmbchina.com/FundPages/OpenFund/OpenFundDetail.aspx?FundID=002026,0.82
广发利鑫灵活配置混合型证券投资基金,广发利鑫灵活配置A,002446,R4,https://fund.cmbchina.com/FundPages/OpenFund/OpenFundDetail.aspx?FundID=002446,0.93
广发聚丰混合型证券投资基金,广发聚丰混合C,010025,R4,https://fund.cmbchina.com/FundPages/OpenFund/OpenFundDetail.aspx?FundID=010025,0.22
广发恒誉混合型证券投资基金,广发恒誉混合C,009957,R4,https://fund.cmbchina.com/FundPages/OpenFund/OpenFundDetail.aspx?FundID=009957,0.26
广发中证全指家用电器ETF指数联接基金,广发中证全指家用电器ETF联接A,005063,R5,https://fund.cmbchina.com/FundPages/OpenFund/OpenFundDetail.aspx?FundID=005063,0.58
广发先进制造股票型发起式证券投资基金,广发先进制造股票发起式C,014192,R5,https://fund.cmbchina.com/FundPages/OpenFund/OpenFundDetail.aspx?FundID=014192,0.18
广发龙头优选灵活配置混合型证券投资基金,广发龙头优选灵活配置A,005910,R4,https://fund.cmbchina.com/FundPages/OpenFund/OpenFundDetail.aspx?FundID=005910,0.21
广发科技创新混合型证券投资基金,广发科技创新混合A,008638,R4,https://fund.cmbchina.com/FundPages/OpenFund/OpenFundDetail.aspx?FundID=008638,0.41
广发景和中短债债券型证券投资基金,广发景和中短债C,006871,R3,https://fund.cmbchina.com/FundPages/OpenFund/OpenFundDetail.aspx?FundID=006871,0.81
广发估值优势混合型证券投资基金,广发估值优势A,006136,R4,https://fund.cmbchina.com/FundPages/OpenFund/OpenFundDetail.aspx?FundID=006136,0.25
广发稳睿六个月持有期混合型证券投资基金,广发稳睿六个月持有期混合A,012943,R4,https://fund.cmbchina.com/FundPages/OpenFund/OpenFundDetail.aspx?FundID=012943,0.4
广发沪深300指数增强型发起式基金,广发沪深300指数增强A类,006020,R5,https://fund.cmbchina.com/FundPages/OpenFund/OpenFundDetail.aspx?FundID=006020,0.3
广发睿选三年持有期混合型证券投资基金,广发睿选三年持有期混合,010594,R4,https://fund.cmbchina.com/FundPages/OpenFund/OpenFundDetail.aspx?FundID=010594,0.47
广发新经济混合型发起式证券投资基金,广发新经济混合A,270050,R5,https://fund.cmbchina.com/FundPages/OpenFund/OpenFundDetail.aspx?FundID=270050,0.13
广发中债1-3年国开行债券指数基金,广发中债1-3年国开债指数A,006484,R3,https://fund.cmbchina.com/FundPages/OpenFund/OpenFundDetail.aspx?FundID=006484,0.43
广发趋势动力灵活配置混合型证券投资基金,广发趋势动力混合A,006377,R4,https://fund.cmbchina.com/FundPages/OpenFund/OpenFundDetail.aspx?FundID=006377,0.01
广发逆向策略灵活配置混合型证券投资基金,广发逆向策略灵活配置A,000747,R4,https://fund.cmbchina.com/FundPages/OpenFund/OpenFundDetail.aspx?FundID=000747,0.33
广发价值优选混合型证券投资基金,广发价值优选混合C,011135,R4,https://fund.cmbchina.com/FundPages/OpenFund/OpenFundDetail.aspx?FundID=011135,0.54
广发聚泰混合型证券投资基金,广发聚泰混合A,001355,R4,https://fund.cmbchina.com/FundPages/OpenFund/OpenFundDetail.aspx?FundID=001355,0.25
广发沪港深价值精选混合型证券投资基金,广发沪港深价值精选混合C,011909,R4,https://fund.cmbchina.com/FundPages/OpenFund/OpenFundDetail.aspx?FundID=011909,0.93
广发安宏回报灵活配置混合型证券投资基金,广发安宏回报混合E,013532,R4,https://fund.cmbchina.com/FundPages/OpenFund/OpenFundDetail.aspx?FundID=013532,0.93
富国中证同业存单AAA指数7天持有期基金,富国同业存单AAA指数7天持有期,014427,R2,https://fund.cmbchina.com/FundPages/OpenFund/OpenFundDetail.aspx?FundID=014427,0.89
广发养老2035三年持有期混合型发起式FOF,广发养老2035三年持有期混合A类FOF,007668,R4,https://fund.cmbchina.com/FundPages/OpenFund/OpenFundDetail.aspx?FundID=007668,0.86
广发中证传媒ETF联接基金,广发中证传媒ETF联接A类,004752,R5,https://fund.cmbchina.com/FundPages/OpenFund/OpenFundDetail.aspx?FundID=004752,0.53
广发聚瑞混合型证券投资基金,广发聚瑞混合C,010026,R4,https://fund.cmbchina.com/FundPages/OpenFund/OpenFundDetail.aspx?FundID=010026,0.15
广发聚泰混合型证券投资基金,广发聚泰混合C,001356,R4,https://fund.cmbchina.com/FundPages/OpenFund/OpenFundDetail.aspx?FundID=001356,0.52
广发成长精选混合型证券投资基金,广发成长精选混合A,010595,R4,https://fund.cmbchina.com/FundPages/OpenFund/OpenFundDetail.aspx?FundID=010595,0.19
广发竞争优势灵活配置混合型证券投资基金,广发竞争优势灵活配置A,000529,R4,https://fund.cmbchina.com/FundPages/OpenFund/OpenFundDetail.aspx?FundID=000529,0.45
广发集丰债券型证券投资基金,广发集丰债券C,002712,R3,https://fund.cmbchina.com/FundPages/OpenFund/OpenFundDetail.aspx?FundID=002712,0.86
广发沪港深新起点股票型证券投资基金,广发沪港深新起点A,002121,R5,https://fund.cmbchina.com/FundPages/OpenFund/OpenFundDetail.aspx?FundID=002121,0.4
广发科技创新混合型证券投资基金,广发科技创新混合C,013533,R4,https://fund.cmbchina.com/FundPages/OpenFund/OpenFundDetail.aspx?FundID=013533,0.94
广发医药健康混合型证券投资基金,广发医药健康混合A,010110,R4,https://fund.cmbchina.com/FundPages/OpenFund/OpenFundDetail.aspx?FundID=010110,0.36
广发行业严选三年持有期混合型证券投资基金,广发行业严选三年持有期混合A,012967,R4,https://fund.cmbchina.com/FundPages/OpenFund/OpenFundDetail.aspx?FundID=012967,0.32
中加中证同业存单AAA指数7天持有期基金,中加中证同业存单AAA指数7天持有期,016083,R2,https://fund.cmbchina.com/FundPages/OpenFund/OpenFundDetail.aspx?FundID=016083,0.02
广发稳健优选六个月持有期混合型基金,广发稳健优选六个月持有期混合A,009887,R4,https://fund.cmbchina.com/FundPages/OpenFund/OpenFundDetail.aspx?FundID=009887,0.8
广发大盘价值混合型证券投资基金,广发大盘价值混合A,012765,R4,https://fund.cmbchina.com/FundPages/OpenFund/OpenFundDetail.aspx?FundID=012765,0.1
广发集利一年定期开放债券型证券投资基金,广发集利一年定开债C,000268,R3,https://fund.cmbchina.com/FundPages/OpenFund/OpenFundDetail.aspx?FundID=000268,0.81
广发全球医疗保健指数证券投资基金,广发全球医疗保健指数人民币（QDII）C,016280,R5,https://fund.cmbchina.com/FundPages/OpenFund/OpenFundDetail.aspx?FundID=016280,0.48
广发上海金交易型开放式联接基金,广发上海金ETF联接A类,008986,R5,https://fund.cmbchina.com/FundPages/OpenFund/OpenFundDetail.aspx?FundID=008986,0.22
民生加银同业存单AAA指数7天持有期基金,民生加银同业存单AAA指数7天持有期,016860,R2,https://fund.cmbchina.com/FundPages/OpenFund/OpenFundDetail.aspx?FundID=016860,0.04
广发中证国新央企股东回报ETF联接基金,广发国新央企股东回报ETF发起式联接C,019429,R5,https://fund.cmbchina.com/FundPages/OpenFund/OpenFundDetail.aspx?FundID=019429,0.69
广发锐意进取3个月持有期混合型发起式FOF,广发锐意进取3个月持有混合（FOF）A,007904,R4,https://fund.cmbchina.com/FundPages/OpenFund/OpenFundDetail.aspx?FundID=007904,0.0
广发聚鑫债券型证券投资基金,广发聚鑫A,000118,R3,https://fund.cmbchina.com/FundPages/OpenFund/OpenFundDetail.aspx?FundID=000118,0.6
广发中证环保交易型指数基金发起式联接基金,广发中证环保ETF联接A,001064,R5,https://fund.cmbchina.com/FundPages/OpenFund/OpenFundDetail.aspx?FundID=001064,0.69
鹏华中证同业存单AAA指数7天持有期基金,鹏华中证同业存单AAA指数7天持有期,014437,R2,https://fund.cmbchina.com/FundPages/OpenFund/OpenFundDetail.aspx?FundID=014437,0.43
广发价值优选混合型证券投资基金,广发价值优选混合A,011134,R4,https://fund.cmbchina.com/FundPages/OpenFund/OpenFundDetail.aspx?FundID=011134,0.69
长信中证同业存单AAA指数7天持有期基金,长信中证同业存单AAA指数7天持有,018809,R2,https://fund.cmbchina.com/FundPages/OpenFund/OpenFundDetail.aspx?FundID=018809,0.26
广发聚安混合型证券投资基金,广发聚安混合C,001116,R4,https://fund.cmbchina.com/FundPages/OpenFund/OpenFundDetail.aspx?FundID=001116,0.75
广发消费领先混合型证券投资基金,广发消费领先混合A,012690,R4,https://fund.cmbchina.com/FundPages/OpenFund/OpenFundDetail.aspx?FundID=012690,0.48
广发聚鸿六个月持有期混合型证券投资基金,广发聚鸿六个月持有期混合A,011138,R4,https://fund.cmbchina.com/FundPages/OpenFund/OpenFundDetail.aspx?FundID=011138,0.57
汇丰晋信同业存单AAA指数7天持有期基金,汇丰晋信同业存单指数7天持有期,019017,R2,https://fund.cmbchina.com/FundPages/OpenFund/OpenFundDetail.aspx?FundID=019017,0.78
广发价值领先混合型证券投资基金,广发价值领先混合A,008099,R4,https://fund.cmbchina.com/FundPages/OpenFund/OpenFundDetail.aspx?FundID=008099,0.92
广发鑫源灵活配置混合型证券投资基金,广发鑫源混合A,002135,R4,https://fund.cmbchina.com/FundPages/OpenFund/OpenFundDetail.aspx?FundID=002135,1.0
汇丰晋信同业存单AAA指数7天持有期基金,汇丰晋信同业存单指数7天持有期,019017,R2,https://fund.cmbchina.com/FundPages/OpenFund/OpenFundDetail.aspx?FundID=019017,0.35
广发养老2050五年持有期混合型FOF,广发养老2050五年持有期(FOF)A,007250,R4,https://fund.cmbchina.com/FundPages/OpenFund/OpenFundDetail.aspx?FundID=007250,0.34
平安中证同业存单AAA指数7天持有期基金,平安中证同业存单AAA指数7天持有期,015645,R2,https://fund.cmbchina.com/FundPages/OpenFund/OpenFundDetail.aspx?FundID=015645,0.17
广发价值增长混合型证券投资基金,广发价值增长混合A,011866,R4,https://fund.cmbchina.com/FundPages/OpenFund/OpenFundDetail.aspx?FundID=011866,0.24
广发聚富开放式证券投资基金,广发聚富前端,270001,R4,https://fund.cmbchina.com/FundPages/OpenFund/OpenFundDetail.aspx?FundID=270001,0.7
广发稳健养老目标一年持有期混合型FOF,广发稳健养老目标一年持有期(FOF)A,006298,R4,https://fund.cmbchina.com/FundPages/OpenFund/OpenFundDetail.aspx?FundID=006298,0.55
广发养老目标2060五年持有混合基金FOF,广发养老目标2060五年持有混合基金FOF,018837,R4,https://fund.cmbchina.com/FundPages/OpenFund/OpenFundDetail.aspx?FundID=018837,0.68
广发养老目标日期2035三年持有期混合FOF,广发养老目标2035三年持有（FOF）Y,018354,R4,https://fund.cmbchina.com/FundPages/OpenFund/OpenFundDetail.aspx?FundID=018354,0.84
华夏理财30天债券型证券投资基金,华夏理财30天B,001058,R2,https://fund.cmbchina.com/FundPages/OpenFund/OpenFundDetail.aspx?FundID=001058,0.02
广发兴诚混合型证券投资基金,广发兴诚混合C,011130,R4,https://fund.cmbchina.com/FundPages/OpenFund/OpenFundDetail.aspx?FundID=011130,0.03
广发天天利货币市场基金,广发天天利B,000476,R1,https://fund.cmbchina.com/FundPages/OpenFund/OpenFundDetail.aspx?FundID=000476,0.68
广发优势增长股票型证券投资基金,广发优势增长股票,007750,R5,https://fund.cmbchina.com/FundPages/OpenFund/OpenFundDetail.aspx?FundID=007750,0.88
广发聚丰混合型证券投资基金,广发聚丰前端A,270005,R5,https://fund.cmbchina.com/FundPages/OpenFund/OpenFundDetail.aspx?FundID=270005,0.28
中欧中证同业存单AAA指数7天持有期基金,中欧中证同业存单AAA指数7天持有,015827,R2,https://fund.cmbchina.com/FundPages/OpenFund/OpenFundDetail.aspx?FundID=015827,0.92
广发信远回报混合型证券投资基金,广发信远回报混合A,020168,R4,https://fund.cmbchina.com/FundPages/OpenFund/OpenFundDetail.aspx?FundID=020168,0.72
广发百发大数据策略价值灵活配置混合型基金,广发百发大数据策略价值A,001731,R4,https://fund.cmbchina.com/FundPages/OpenFund/OpenFundDetail.aspx?FundID=001731,0.56
广发添财90天滚动持有债券型证券投资基金,广发添财90天滚动持有债券C,012942,R3,https://fund.cmbchina.com/FundPages/OpenFund/OpenFundDetail.aspx?FundID=012942,0.84
广发聚宝混合型证券投资基金,广发聚宝A,001189,R4,https://fund.cmbchina.com/FundPages/OpenFund/OpenFundDetail.aspx?FundID=001189,0.44
广发安润一年持有期混合型证券投资基金,广发安润一年持有期混合C,017012,R3,https://fund.cmbchina.com/FundPages/OpenFund/OpenFundDetail.aspx?FundID=017012,0.81
广发景荣纯债债券型证券投资基金,广发景荣纯债,270046,R3,https://fund.cmbchina.com/FundPages/OpenFund/OpenFundDetail.aspx?FundID=270046,0.22
广发优势成长股票型证券投资基金,广发优势成长股票C,011426,R5,https://fund.cmbchina.com/FundPages/OpenFund/OpenFundDetail.aspx?FundID=011426,0.99
广发港股通成长精选股票型证券投资基金,广发港股通成长精选股票C,009897,R5,https://fund.cmbchina.com/FundPages/OpenFund/OpenFundDetail.aspx?FundID=009897,0.11
广发沪港深新机遇股票型证券投资基金,广发沪港深新机遇股票,001764,R5,https://fund.cmbchina.com/FundPages/OpenFund/OpenFundDetail.aspx?FundID=001764,0.72
